Raw value,Corresponding cumulative value,Corresponding Logistic value,Fractional area,Training omission,Test omission
3.605E-7,0.00003605,0.000071712,1,0,0
4.12421E-7,0.000077292,0.00008204,0.999901274,0,0
5.24222E-7,0.000129714,0.000104277,0.999802547,0,0
6.58984E-7,0.00025861,0.00013108,0.999605094,0,0
6.85885E-7,0.000527776,0.00013643,0.999210189,0,0
7.96349E-7,0.001048579,0.000158399,0.998519104,0,0
1.01249E-6,0.002527329,0.000201382,0.996939481,0,0
1.22854E-6,0.005085641,0.000244344,0.994668773,0,0
1.41945E-6,0.010025549,0.000282302,0.991015895,0,0
1.90832E-6,0.025178467,0.000379495,0.982130516,0,0
2.31274E-6,0.050048251,0.00045988,0.970678251,0,0
2.87134E-6,0.100086184,0.000570893,0.951722776,0,0
3.59736E-6,0.200009975,0.000715141,0.92121631,0,0
4.14032E-6,0.300024472,0.000822991,0.895744891,0,0
4.60251E-6,0.40034218,0.000914779,0.873136539,0,0
5.07233E-6,0.500125857,0.001008064,0.852798894,0,0
5.45639E-6,0.600141705,0.001084309,0.834040873,0,0
5.86619E-6,0.700351723,0.001165649,0.816566295,0,0
6.08202E-6,0.750569529,0.001208485,0.808273275,0,0
6.28024E-6,0.800103601,0.001247822,0.80037516,0,0
6.67759E-6,0.900362236,0.001326666,0.785072564,0,0
7.02706E-6,1.000430398,0.001395999,0.770658505,0,0
7.42472E-6,1.100206171,0.001474884,0.757034258,0,0
7.82638E-6,1.200769516,0.001554547,0.744002369,0,0
8.21899E-6,1.300522349,0.001632404,0.731760292,0,0
8.54903E-6,1.400296699,0.001697843,0.720011847,0,0
8.88302E-6,1.500644032,0.001764057,0.708658308,0,0
9.68788E-6,1.750149311,0.001923583,0.682100898,0,0
1.04784E-5,2.000497703,0.002080226,0.657616744,0,0
1.14175E-5,2.250896432,0.002266232,0.635008392,0,0
1.22673E-5,2.500563504,0.002434495,0.614177115,0.007751938,0
1.3217E-5,2.751306237,0.002622465,0.594728009,0.007751938,0
1.41153E-5,3.000098059,0.002800207,0.576759799,0.007751938,0
1.51153E-5,3.251459417,0.002997995,0.559778853,0.007751938,0
1.61691E-5,3.501609774,0.003206348,0.543982624,0.023255814,0.018518519
1.70959E-5,3.751574302,0.003389509,0.52917366,0.023255814,0.018518519
1.79768E-5,4.000898104,0.003563529,0.515154507,0.031007752,0.018518519
1.8999E-5,4.250583524,0.003765407,0.501826439,0.031007752,0.018518519
1.99003E-5,4.501232398,0.003943325,0.48909073,0.031007752,0.018518519
2.08614E-5,4.750098932,0.004132989,0.477046105,0.031007752,0.018518519
2.18126E-5,5.001628086,0.004320621,0.465396387,0.031007752,0.018518519
2.28232E-5,5.25106383,0.004519882,0.454339027,0.031007752,0.018518519
2.39844E-5,5.501602048,0.004748755,0.443775299,0.031007752,0.018518519
2.48345E-5,5.750391388,0.004916243,0.433705203,0.031007752,0.018518519
2.58933E-5,6.001509231,0.005124768,0.423931286,0.031007752,0.037037037
2.70036E-5,6.252646657,0.00534334,0.414552276,0.031007752,0.037037037
2.80508E-5,6.500242816,0.005549418,0.405666897,0.031007752,0.037037037
2.89794E-5,6.751062029,0.005732063,0.396978971,0.031007752,0.055555556
3.00426E-5,7.001852395,0.005941125,0.388587225,0.031007752,0.074074074
3.10263E-5,7.252537265,0.00613446,0.380491658,0.031007752,0.074074074
3.21637E-5,7.502028536,0.00635792,0.37269227,0.031007752,0.074074074
3.33796E-5,7.751423547,0.006596674,0.365189061,0.031007752,0.074074074
3.45662E-5,8.00330605,0.006829569,0.357883305,0.031007752,0.074074074
3.54833E-5,8.251785557,0.007009505,0.350873729,0.031007752,0.074074074
3.6707E-5,8.500783603,0.007249485,0.344061605,0.031007752,0.074074074
3.76596E-5,8.753673541,0.00743623,0.337348208,0.031007752,0.074074074
3.88356E-5,9.002028399,0.007666652,0.33093099,0.031007752,0.074074074
4.00182E-5,9.253802048,0.007898276,0.324612499,0.031007752,0.074074074
4.0965E-5,9.501035279,0.008083627,0.318590187,0.031007752,0.074074074
4.20325E-5,9.750287767,0.008292537,0.312666601,0.031007752,0.074074074
4.30886E-5,10.001416829,0.008499113,0.306841742,0.031007752,0.074074074
4.42917E-5,10.250372402,0.008734348,0.301214335,0.031007752,0.074074074
4.52807E-5,10.500923822,0.008927644,0.295685655,0.046511628,0.074074074
4.63552E-5,10.752932189,0.009137559,0.290255701,0.062015504,0.074074074
4.71442E-5,11.000627528,0.00929164,0.285023201,0.062015504,0.074074074
4.8716E-5,11.250028278,0.009598451,0.279889426,0.062015504,0.092592593
4.98942E-5,11.501466689,0.009828324,0.274854379,0.062015504,0.092592593
5.09967E-5,11.753496497,0.010043312,0.269918057,0.062015504,0.092592593
5.19418E-5,12.000618332,0.010227533,0.265179188,0.062015504,0.092592593
5.2924E-5,12.252272603,0.010418914,0.26044032,0.069767442,0.092592593
5.40093E-5,12.503442845,0.010630295,0.255800178,0.069767442,0.092592593
5.50825E-5,12.754118222,0.010839241,0.251258762,0.069767442,0.092592593
5.65188E-5,13.000115397,0.011118733,0.246914799,0.069767442,0.092592593
5.7628E-5,13.251433422,0.011334469,0.242570836,0.069767442,0.092592593
5.90176E-5,13.502364494,0.011604612,0.2383256,0.07751938,0.092592593
6.04415E-5,13.753660837,0.01188127,0.23417909,0.07751938,0.092592593
6.15013E-5,14.002998168,0.012087076,0.230131306,0.07751938,0.092592593
6.24964E-5,14.251316819,0.012280254,0.226182249,0.07751938,0.092592593
6.39416E-5,14.504142193,0.012560659,0.222233192,0.085271318,0.092592593
6.52406E-5,14.756093127,0.012812574,0.218382861,0.093023256,0.092592593
6.65171E-5,15.006517027,0.013059975,0.214631257,0.093023256,0.092592593
6.75156E-5,15.254398142,0.013253438,0.210978379,0.093023256,0.092592593
6.87769E-5,15.506700177,0.013497681,0.207325501,0.093023256,0.111111111
6.9882E-5,15.756389004,0.01371158,0.20377135,0.100775194,0.111111111
7.10512E-5,16.003315469,0.013937804,0.200315925,0.100775194,0.111111111
7.2686E-5,16.254826293,0.014253912,0.1968605,0.100775194,0.12962963
7.42226E-5,16.504599366,0.014550859,0.193503801,0.100775194,0.12962963
7.50763E-5,16.750971346,0.014715772,0.190245829,0.100775194,0.12962963
7.65043E-5,17.001065411,0.014991482,0.186987857,0.11627907,0.12962963
7.7845E-5,17.255583286,0.015250189,0.183729884,0.11627907,0.12962963
7.97083E-5,17.500103194,0.01560952,0.180669365,0.124031008,0.12962963
8.12579E-5,17.750096287,0.015908151,0.177608846,0.139534884,0.12962963
8.2965E-5,18.005251239,0.016236935,0.174548327,0.139534884,0.12962963
8.46032E-5,18.256978835,0.016552242,0.171586534,0.139534884,0.148148148
8.62917E-5,18.505182482,0.016877008,0.168723467,0.147286822,0.166666667
8.78698E-5,18.757654158,0.017180343,0.165860401,0.147286822,0.166666667
8.9658E-5,19.00621355,0.017523859,0.163096061,0.147286822,0.166666667
9.15543E-5,19.250770284,0.017887858,0.160430447,0.147286822,0.166666667
9.30014E-5,19.509222568,0.018165459,0.157666107,0.15503876,0.166666667
9.48691E-5,19.753772094,0.018523501,0.15509922,0.15503876,0.166666667
9.62619E-5,20.002207948,0.018790351,0.152532333,0.162790698,0.166666667
9.77189E-5,20.254358841,0.019069325,0.149965446,0.162790698,0.166666667
9.93325E-5,20.500792716,0.019378113,0.147497285,0.162790698,0.166666667
1.01155E-4,20.751620564,0.019726674,0.145029124,0.162790698,0.166666667
1.02818E-4,21.00639092,0.020044415,0.142560964,0.162790698,0.166666667
1.05112E-4,21.256437342,0.02048247,0.140191529,0.170542636,0.166666667
1.0698E-4,21.500628342,0.020838914,0.137920821,0.178294574,0.166666667
1.08473E-4,21.759273559,0.021123641,0.135551387,0.178294574,0.166666667
1.11365E-4,22.001323895,0.02167461,0.133379406,0.186046512,0.166666667
1.13608E-4,22.259829364,0.022101388,0.131108698,0.186046512,0.166666667
1.15769E-4,22.500302351,0.022512404,0.129035443,0.186046512,0.166666667
1.18587E-4,22.757776349,0.023047784,0.126863461,0.186046512,0.166666667
1.20993E-4,23.009054776,0.023504325,0.124790206,0.186046512,0.185185185
1.23091E-4,23.253040984,0.023902169,0.122815678,0.186046512,0.185185185
1.26263E-4,23.50226701,0.024503026,0.120841149,0.19379845,0.185185185
1.28752E-4,23.757323151,0.024973941,0.118866621,0.19379845,0.185185185
1.30933E-4,24.004143466,0.025386361,0.116990818,0.209302326,0.203703704
1.33087E-4,24.255600663,0.025793169,0.115115016,0.209302326,0.203703704
1.3633E-4,24.51141159,0.026405116,0.113239214,0.209302326,0.203703704
1.38116E-4,24.758504734,0.026741835,0.111462138,0.209302326,0.203703704
1.40558E-4,25.009754518,0.027201672,0.109685063,0.209302326,0.203703704
1.42736E-4,25.25015092,0.027611623,0.108006713,0.209302326,0.203703704
1.46729E-4,25.511454694,0.02836208,0.106229638,0.209302326,0.203703704
1.49136E-4,25.763366294,0.028814005,0.104551288,0.209302326,0.203703704
1.50853E-4,26.003564512,0.029136044,0.102971666,0.209302326,0.203703704
1.52429E-4,26.261342188,0.029431504,0.101293316,0.209302326,0.203703704
1.55774E-4,26.507340215,0.030057994,0.099713693,0.209302326,0.203703704
1.59291E-4,26.759075206,0.030715733,0.09813407,0.209302326,0.222222222
1.62241E-4,27.00018628,0.031266883,0.096653174,0.209302326,0.222222222
1.65596E-4,27.263192363,0.031892773,0.095073551,0.217054264,0.222222222
1.68525E-4,27.514280467,0.032438549,0.093592655,0.217054264,0.222222222
1.72294E-4,27.753000616,0.033139967,0.092210485,0.224806202,0.222222222
1.75707E-4,28.014066822,0.033774254,0.090729588,0.224806202,0.222222222
1.79495E-4,28.262804386,0.034477305,0.089347418,0.224806202,0.222222222
1.83329E-4,28.516791043,0.035187736,0.087965248,0.224806202,0.222222222
1.86311E-4,28.756996878,0.035739801,0.086681805,0.23255814,0.222222222
1.89445E-4,29.00141518,0.036319135,0.085398361,0.23255814,0.240740741
1.93636E-4,29.250720056,0.037092805,0.084114918,0.23255814,0.240740741
1.95614E-4,29.503963294,0.037457545,0.082831474,0.23255814,0.240740741
2.01512E-4,29.762166322,0.038543361,0.08154803,0.23255814,0.259259259
2.04648E-4,30.006151967,0.039119712,0.080363313,0.23255814,0.259259259
2.08749E-4,30.254189924,0.039872442,0.079178596,0.23255814,0.259259259
2.11906E-4,30.506885022,0.040450958,0.077993879,0.23255814,0.259259259
2.16169E-4,30.763788053,0.041231217,0.076809162,0.240310078,0.259259259
2.2066E-4,31.004960431,0.042051816,0.075723171,0.248062016,0.259259259
2.23263E-4,31.271242565,0.042526641,0.074538454,0.255813953,0.259259259
2.27416E-4,31.519512764,0.043283558,0.073452463,0.255813953,0.259259259
2.30572E-4,31.771553811,0.043857904,0.072366473,0.255813953,0.259259259
2.33182E-4,32.003346729,0.04433231,0.071379208,0.255813953,0.259259259
2.37682E-4,32.262467118,0.045149263,0.070293217,0.255813953,0.259259259
2.39896E-4,32.501150546,0.045550603,0.069305953,0.263565891,0.259259259
2.44684E-4,32.767384587,0.046417621,0.068219962,0.263565891,0.259259259
2.4822E-4,33.014155733,0.047056788,0.067232698,0.263565891,0.259259259
2.50916E-4,33.263574379,0.04754365,0.066245434,0.263565891,0.259259259
2.52824E-4,33.515579436,0.047887748,0.06525817,0.271317829,0.259259259
2.5656E-4,33.770373434,0.048561004,0.064270905,0.271317829,0.259259259
2.59072E-4,34.002810861,0.049013167,0.063382367,0.271317829,0.259259259
2.63482E-4,34.264273543,0.049805965,0.062395103,0.271317829,0.259259259
2.65085E-4,34.502215745,0.050093806,0.061506565,0.271317829,0.259259259
2.69075E-4,34.769006416,0.050809472,0.060519301,0.271317829,0.259259259
2.72226E-4,35.01313588,0.05137396,0.059630763,0.271317829,0.259259259
2.79485E-4,35.262180374,0.05267164,0.058742225,0.271317829,0.259259259
2.83855E-4,35.515940261,0.053451347,0.057853687,0.271317829,0.259259259
2.89019E-4,35.773747112,0.054370831,0.05696515,0.271317829,0.259259259
2.92747E-4,36.006459228,0.055033488,0.056175338,0.279069767,0.259259259
2.98256E-4,36.272590157,0.056011177,0.0552868,0.279069767,0.259259259
3.03587E-4,36.512688935,0.056955309,0.054496989,0.279069767,0.277777778
3.08491E-4,36.757673695,0.057822116,0.053707177,0.286821705,0.277777778
3.12453E-4,37.005972198,0.058521323,0.052917366,0.286821705,0.277777778
3.1644E-4,37.257339906,0.059223778,0.052127555,0.294573643,0.277777778
3.23321E-4,37.513103361,0.060433748,0.051337743,0.294573643,0.277777778
3.26693E-4,37.773384151,0.061025533,0.050547932,0.294573643,0.277777778
3.32615E-4,38.00462636,0.062063128,0.049856847,0.294573643,0.277777778
3.36346E-4,38.272147981,0.06271563,0.049067035,0.294573643,0.277777778
3.40571E-4,38.50937673,0.063453456,0.04837595,0.294573643,0.277777778
3.44888E-4,38.783887893,0.06420619,0.047586139,0.294573643,0.277777778
3.51231E-4,39.028190379,0.065309878,0.046895054,0.294573643,0.277777778
3.58286E-4,39.276284842,0.06653446,0.046203969,0.294573643,0.277777778
3.64258E-4,39.529480756,0.067568494,0.045512884,0.302325581,0.277777778
3.67828E-4,39.785503612,0.068185605,0.044821799,0.302325581,0.277777778
3.75082E-4,40.008778731,0.069436912,0.04422944,0.302325581,0.277777778
3.80893E-4,40.273972932,0.070436965,0.043538355,0.302325581,0.277777778
3.8504E-4,40.504163929,0.071149207,0.042945997,0.302325581,0.277777778
3.88787E-4,40.775359531,0.071791931,0.042254912,0.302325581,0.277777778
3.93302E-4,41.010012897,0.072565099,0.041662553,0.302325581,0.277777778
4.04437E-4,41.250194579,0.074466543,0.041070194,0.302325581,0.296296296
4.13358E-4,41.537768298,0.075984313,0.040379109,0.310077519,0.296296296
4.18393E-4,41.78825801,0.076838775,0.039786751,0.310077519,0.296296296
4.2211E-4,42.040847171,0.077468554,0.039194392,0.310077519,0.296296296
4.30569E-4,42.255005715,0.078898463,0.03870076,0.310077519,0.296296296
4.37906E-4,42.515579131,0.080135201,0.038108402,0.317829457,0.296296296
4.43649E-4,42.780266081,0.081100997,0.037516043,0.325581395,0.296296296
4.518E-4,43.004579094,0.082468078,0.037022411,0.325581395,0.296296296
4.5896E-4,43.278260237,0.083665719,0.036430052,0.325581395,0.296296296
4.67832E-4,43.510781796,0.085145276,0.03593642,0.333333333,0.296296296
4.8563E-4,43.797590946,0.088099155,0.035344062,0.333333333,0.296296296
4.87129E-4,44.04084874,0.088347107,0.034850429,0.333333333,0.296296296
4.93859E-4,44.286185898,0.089458444,0.034356797,0.333333333,0.296296296
5.01001E-4,44.534213092,0.090634835,0.033863165,0.333333333,0.296296296
5.11759E-4,44.788185025,0.092401285,0.033369533,0.333333333,0.296296296
5.20293E-4,45.047049309,0.093797581,0.032875901,0.333333333,0.296296296
5.24307E-4,45.256275229,0.094452866,0.032480995,0.333333333,0.296296296
5.34369E-4,45.520613787,0.096091324,0.031987363,0.333333333,0.296296296
5.39654E-4,45.789034274,0.096949642,0.031493731,0.341085271,0.296296296
5.45439E-4,46.006774164,0.097887137,0.031098825,0.341085271,0.296296296
5.51693E-4,46.281422642,0.098898459,0.030605193,0.341085271,0.296296296
5.56924E-4,46.503572255,0.099742761,0.030210287,0.341085271,0.296296296
5.62399E-4,46.78333379,0.100624566,0.029716655,0.341085271,0.296296296
5.70444E-4,47.01084511,0.101917352,0.029321749,0.348837209,0.296296296
5.80981E-4,47.298791419,0.103604756,0.028828117,0.356589147,0.296296296
5.86947E-4,47.532332282,0.104557512,0.028433212,0.356589147,0.296296296
6.00349E-4,47.769372785,0.106690127,0.028038306,0.356589147,0.296296296
6.09613E-4,48.011480423,0.108158467,0.0276434,0.364341085,0.296296296
6.18029E-4,48.256770707,0.109488093,0.027248494,0.364341085,0.296296296
6.24146E-4,48.505363986,0.110452139,0.026853589,0.364341085,0.296296296
6.28697E-4,48.755922679,0.111168018,0.026458683,0.372093023,0.296296296
6.35382E-4,49.009266,0.112217414,0.026063777,0.379844961,0.296296296
6.44641E-4,49.265647153,0.113666756,0.025668872,0.379844961,0.296296296
6.69763E-4,49.531407634,0.117575574,0.025273966,0.387596899,0.296296296
6.72216E-4,49.799816193,0.117955444,0.02487906,0.387596899,0.296296296
6.81722E-4,50.002753173,0.119424217,0.024582881,0.387596899,0.296296296
6.91363E-4,50.278231863,0.120908951,0.024187975,0.387596899,0.296296296
6.99878E-4,50.556572583,0.122216166,0.023793069,0.387596899,0.296296296
7.05789E-4,50.767658938,0.123121243,0.02349689,0.387596899,0.296296296
7.17893E-4,51.053271359,0.124968815,0.023101984,0.387596899,0.296296296
7.29934E-4,51.271266511,0.126799166,0.022805805,0.387596899,0.296296296
7.42865E-4,51.567426833,0.128756239,0.022410899,0.387596899,0.296296296
7.77271E-4,51.798064771,0.133920972,0.02211472,0.387596899,0.296296296
7.86085E-4,52.03324266,0.135234256,0.021818541,0.387596899,0.296296296
8.00898E-4,52.272304437,0.137432305,0.021522362,0.387596899,0.296296296
8.18563E-4,52.516434323,0.140039154,0.021226182,0.387596899,0.314814815
8.28866E-4,52.76381146,0.141552242,0.020930003,0.395348837,0.314814815
8.38206E-4,53.013617824,0.142919366,0.020633824,0.395348837,0.314814815
8.62186E-4,53.268782413,0.146409406,0.020337644,0.395348837,0.314814815
8.74808E-4,53.530391017,0.148235038,0.020041465,0.395348837,0.314814815
9.00774E-4,53.796137379,0.151966348,0.019745286,0.403100775,0.314814815
9.05639E-4,54.067714523,0.152661871,0.019449107,0.403100775,0.314814815
9.10032E-4,54.340314896,0.153288855,0.019152927,0.403100775,0.314814815
9.15031E-4,54.52325714,0.154001128,0.018955474,0.410852713,0.314814815
9.22637E-4,54.799222086,0.155082736,0.018659295,0.418604651,0.314814815
9.36281E-4,55.078040467,0.15701604,0.018363116,0.426356589,0.314814815
9.37034E-4,55.265446275,0.157122492,0.018165663,0.426356589,0.314814815
9.38322E-4,55.546839017,0.157304508,0.017869484,0.434108527,0.314814815
9.54943E-4,55.830296322,0.159645985,0.017573304,0.441860465,0.314814815
9.59941E-4,56.021858297,0.160347569,0.017375852,0.441860465,0.314814815
9.75192E-4,56.312801541,0.162481275,0.017079672,0.449612403,0.314814815
9.96085E-4,56.511689367,0.165386611,0.016882219,0.449612403,0.314814815
1.02216E-3,56.816200485,0.168983708,0.01658604,0.449612403,0.333333333
1.03977E-3,57.023548788,0.171396971,0.016388587,0.457364341,0.37037037
1.0691E-3,57.340870515,0.175383824,0.016092408,0.457364341,0.37037037
1.0712E-3,57.554906282,0.175667578,0.015894955,0.457364341,0.37037037
1.07879E-3,57.770660573,0.176692845,0.015697502,0.457364341,0.37037037
1.09996E-3,58.098809569,0.179536569,0.015401323,0.457364341,0.388888889
1.10281E-3,58.319145634,0.179918626,0.01520387,0.457364341,0.388888889
1.12376E-3,58.542023272,0.182712605,0.015006417,0.457364341,0.388888889
1.14017E-3,58.768944785,0.184887231,0.014808964,0.457364341,0.388888889
1.15787E-3,59.113841198,0.187219825,0.014512785,0.465116279,0.388888889
1.16018E-3,59.345785905,0.187523443,0.014315332,0.472868217,0.388888889
1.16761E-3,59.578706089,0.188498132,0.014117879,0.472868217,0.388888889
1.17595E-3,59.813195562,0.189588314,0.013920426,0.472868217,0.388888889
1.20172E-3,60.053113356,0.192941478,0.013722974,0.480620155,0.388888889
1.20424E-3,60.293795707,0.193267925,0.013525521,0.488372093,0.388888889
1.2237E-3,60.538377242,0.195779502,0.013328068,0.488372093,0.407407407
1.22725E-3,60.783739524,0.196236401,0.013130615,0.488372093,0.407407407
1.23975E-3,61.030562562,0.197839572,0.012933162,0.488372093,0.407407407
1.26441E-3,61.282678836,0.200984682,0.012735709,0.503875969,0.407407407
1.28695E-3,61.538416862,0.203837093,0.012538256,0.503875969,0.407407407
1.3237E-3,61.80265543,0.20844363,0.012340804,0.519379845,0.407407407
1.34614E-3,62.071020045,0.211230829,0.012143351,0.534883721,0.407407407
1.35306E-3,62.341076877,0.21208681,0.011945898,0.534883721,0.407407407
1.36781E-3,62.613543972,0.213904123,0.011748445,0.534883721,0.407407407
1.37872E-3,62.751416145,0.215243494,0.011649719,0.534883721,0.407407407
1.40273E-3,63.031085725,0.21817399,0.011452266,0.534883721,0.407407407
1.41258E-3,63.313021296,0.219369686,0.011254813,0.550387597,0.407407407
1.44256E-3,63.601411701,0.222987432,0.01105736,0.550387597,0.425925926
1.47915E-3,63.894483911,0.227356931,0.010859907,0.550387597,0.425925926
1.50284E-3,64.04476773,0.230160545,0.010761181,0.550387597,0.425925926
1.50759E-3,64.346057452,0.230720143,0.010563728,0.550387597,0.425925926
1.52681E-3,64.609058622,0.232976953,0.010366275,0.558139535,0.425925926
1.5403E-3,64.804520746,0.234552549,0.010267549,0.558139535,0.444444444
1.60293E-3,65.119649753,0.241783242,0.010070096,0.565891473,0.444444444
1.60564E-3,65.280213408,0.242092756,0.009971369,0.565891473,0.444444444
1.62878E-3,65.604569123,0.244728332,0.009773916,0.573643411,0.444444444
1.63002E-3,65.767570777,0.244868571,0.00967519,0.573643411,0.444444444
1.66245E-3,66.099479268,0.248529447,0.009477737,0.573643411,0.444444444
1.66279E-3,66.26575819,0.248568067,0.009379011,0.573643411,0.444444444
1.66657E-3,66.598899454,0.248992746,0.009181558,0.573643411,0.444444444
1.72836E-3,66.771735191,0.255861881,0.009082831,0.581395349,0.444444444
1.77994E-3,67.085545167,0.261500861,0.008885379,0.581395349,0.444444444
1.8474E-3,67.309496159,0.268748408,0.008786652,0.581395349,0.5
1.89853E-3,67.688239702,0.274147198,0.008589199,0.589147287,0.5
1.92313E-3,67.88055319,0.2767173,0.008490473,0.589147287,0.5
1.92913E-3,68.073466131,0.277340626,0.008391746,0.589147287,0.5
1.94816E-3,68.268281981,0.279312219,0.00829302,0.589147287,0.5
1.98173E-3,68.664071835,0.282763972,0.008095567,0.596899225,0.518518519
1.98911E-3,68.86298318,0.283519258,0.007996841,0.596899225,0.518518519
1.99563E-3,69.062546465,0.284184427,0.007898114,0.604651163,0.518518519
2.00389E-3,69.262935623,0.285025286,0.007799388,0.612403101,0.518518519
2.04245E-3,69.669222106,0.288925288,0.007601935,0.627906977,0.537037037
2.04426E-3,69.873648479,0.289107494,0.007503209,0.635658915,0.537037037
2.08337E-3,70.081985654,0.293017674,0.007404482,0.643410853,0.537037037
2.10722E-3,70.292707237,0.295380665,0.007305756,0.643410853,0.537037037
2.12487E-3,70.505194573,0.297120404,0.007207029,0.643410853,0.537037037
2.21715E-3,70.94417878,0.306073821,0.007009576,0.651162791,0.537037037
2.23352E-3,71.084778462,0.307638781,0.00691085,0.658914729,0.537037037
2.25144E-3,71.393649529,0.309343206,0.006812124,0.658914729,0.555555556
2.2837E-3,71.622020009,0.312391738,0.006713397,0.666666667,0.555555556
2.36321E-3,71.858340866,0.319789336,0.006614671,0.674418605,0.611111111
2.41203E-3,72.099543908,0.324253703,0.006515944,0.674418605,0.611111111
2.41252E-3,72.340795605,0.324297899,0.006417218,0.682170543,0.611111111
2.46904E-3,72.587699733,0.329393283,0.006318491,0.682170543,0.611111111
2.51722E-3,72.839421902,0.333676225,0.006219765,0.689922481,0.611111111
2.52831E-3,73.092252717,0.334654012,0.006121039,0.689922481,0.611111111
2.54055E-3,73.346307948,0.335730575,0.006022312,0.689922481,0.611111111
2.63038E-3,73.574774164,0.3435231,0.005923586,0.697674419,0.611111111
2.64946E-3,73.875706202,0.345154843,0.005824859,0.705426357,0.62962963
2.65421E-3,74.141127463,0.345560295,0.005726133,0.705426357,0.62962963
2.68492E-3,74.40961991,0.348166634,0.005627406,0.713178295,0.62962963
2.69884E-3,74.679503859,0.3493407,0.00552868,0.713178295,0.62962963
2.71321E-3,74.95082464,0.350548583,0.005429954,0.713178295,0.62962963
2.7542E-3,75.226244685,0.353970139,0.005331227,0.720930233,0.62962963
2.78405E-3,75.504649201,0.356438612,0.005232501,0.720930233,0.62962963
2.80189E-3,75.784838137,0.357905526,0.005133774,0.728682171,0.62962963
2.81742E-3,76.066579982,0.359176689,0.005035048,0.736434109,0.62962963
2.84491E-3,76.266329067,0.361414754,0.004936321,0.744186047,0.62962963
2.90668E-3,76.642921819,0.366387078,0.004837595,0.751937984,0.648148148
2.92715E-3,76.935637164,0.3680178,0.004738869,0.751937984,0.648148148
2.93077E-3,77.228714391,0.368305207,0.004640142,0.751937984,0.648148148
3.02802E-3,77.434358481,0.375931534,0.004541416,0.751937984,0.648148148
3.07624E-3,77.536338205,0.379645566,0.004541416,0.751937984,0.666666667
3.13253E-3,77.84959084,0.383925225,0.004442689,0.751937984,0.666666667
3.21289E-3,78.170879977,0.389934136,0.004343963,0.751937984,0.666666667
3.22123E-3,78.493003288,0.390551142,0.004245236,0.759689922,0.666666667
3.25921E-3,78.818924721,0.393344757,0.00414651,0.76744186,0.666666667
3.26559E-3,79.14548409,0.393811465,0.004047784,0.76744186,0.666666667
3.29307E-3,79.47479135,0.395813615,0.003949057,0.76744186,0.666666667
3.43802E-3,79.81859361,0.40615973,0.003850331,0.775193798,0.666666667
3.44341E-3,80.162934704,0.406537507,0.003751604,0.775193798,0.666666667
3.4478E-3,80.507714646,0.406844829,0.003652878,0.775193798,0.666666667
3.49432E-3,80.857146887,0.410083339,0.003554151,0.775193798,0.666666667
3.5632E-3,81.105151353,0.414813567,0.003455425,0.782945736,0.666666667
3.65723E-3,81.582283674,0.421149744,0.003356699,0.782945736,0.685185185
3.76029E-3,81.958312911,0.427939324,0.003257972,0.790697674,0.685185185
3.8546E-3,82.343773029,0.434013937,0.003159246,0.798449612,0.685185185
3.95598E-3,82.739371198,0.440401791,0.003060519,0.798449612,0.685185185
3.97439E-3,82.798682902,0.44154639,0.002961793,0.80620155,0.685185185
4.08271E-3,83.147642378,0.448186934,0.002961793,0.80620155,0.722222222
4.3677E-3,83.584412859,0.464927021,0.002863066,0.813953488,0.740740741
4.3762E-3,84.022032583,0.465410284,0.00276434,0.821705426,0.740740741
4.37862E-3,84.459894556,0.465547976,0.002665614,0.821705426,0.740740741
4.3815E-3,84.89804446,0.465711542,0.002566887,0.821705426,0.740740741
4.44955E-3,85.342999031,0.469548148,0.002468161,0.829457364,0.740740741
4.47219E-3,85.682243132,0.470812525,0.002369434,0.837209302,0.740740741
4.47944E-3,85.790943211,0.471216381,0.002369434,0.837209302,0.759259259
4.56285E-3,86.247228446,0.475815783,0.002270708,0.84496124,0.759259259
4.57427E-3,86.363230964,0.476439313,0.002171981,0.852713178,0.759259259
4.60822E-3,86.708050519,0.478284037,0.002171981,0.852713178,0.777777778
4.79033E-3,87.187083907,0.487962266,0.002073255,0.860465116,0.777777778
4.82644E-3,87.669728376,0.489838838,0.001974529,0.868217054,0.777777778
4.94286E-3,87.996263221,0.495796117,0.001875802,0.875968992,0.777777778
5.00488E-3,88.170216344,0.498913256,0.001875802,0.875968992,0.796296296
5.14514E-3,88.684729857,0.505822557,0.001777076,0.88372093,0.796296296
5.43001E-3,89.193686152,0.519285621,0.001678349,0.891472868,0.796296296
5.45461E-3,89.262604004,0.520413705,0.001579623,0.899224806,0.814814815
5.52436E-3,89.78218555,0.523584273,0.001579623,0.899224806,0.833333333
5.52884E-3,90.335069191,0.523786288,0.001480896,0.906976744,0.833333333
5.7442E-3,90.823339865,0.533308294,0.00138217,0.906976744,0.851851852
5.85125E-3,91.498589657,0.537900878,0.001283444,0.914728682,0.87037037
5.93542E-3,91.712599666,0.541449097,0.001184717,0.914728682,0.87037037
5.97349E-3,91.809380654,0.543035865,0.001184717,0.914728682,0.888888889
6.09081E-3,92.107670375,0.547858104,0.001184717,0.914728682,0.907407407
6.33123E-3,92.409942601,0.55742914,0.001085991,0.92248062,0.907407407
6.61713E-3,92.769383651,0.568295893,0.001085991,0.92248062,0.925925926
6.6608E-3,93.435464121,0.569909016,0.000987264,0.930232558,0.925925926
6.68998E-3,94.104461937,0.570979904,0.000888538,0.930232558,0.925925926
6.73803E-3,94.778264527,0.572732047,0.000789811,0.937984496,0.925925926
6.802E-3,95.458464698,0.575042939,0.000691085,0.945736434,0.925925926
6.97358E-3,96.155822276,0.581118776,0.000592359,0.953488372,0.925925926
7.32161E-3,96.88798294,0.59292475,0.000493632,0.96124031,0.925925926
7.53046E-3,97.641028523,0.599695189,0.000394906,0.968992248,0.925925926
7.76939E-3,98.417967848,0.607169964,0.000296179,0.976744186,0.925925926
7.81007E-3,98.828511777,0.608414636,0.000197453,0.984496124,0.925925926
7.84714E-3,99.202681391,0.609542179,0.000197453,0.984496124,0.944444444
7.9448E-3,99.820466658,0.612482096,0.000098726,0.992248062,0.944444444
7.97319E-3,100,0.613328176,0.000098726,0.992248062,0.981481481
7.97319E-3,100,0.613328176,0,0.992248062,0.981481481
9.07888E-3,100,0.643638374,0,1,0.981481481
