stream,year,date,priordate,section,tempsite,GDDcum0,GDDper0,GDDcum5,GDDper5,meantempper
Upper Bar BC,2021,2021-08-05,2021-08-01,1,upperbarbc_SG,45.041979170000005,45.041979170000005,25.04197917,25.04197917,11.260494792500001
Upper Bar BC,2021,2021-08-05,2021-08-01,2,upperbarbc_SG,45.041979170000005,45.041979170000005,25.04197917,25.04197917,11.260494792500001
Upper Bar BC,2021,2021-08-05,2021-08-01,3,upperbarbc_SG,45.041979170000005,45.041979170000005,25.04197917,25.04197917,11.260494792500001
Upper Bar BC,2021,2021-08-05,2021-08-01,4,upperbarbc_SG,45.041979170000005,45.041979170000005,25.04197917,25.04197917,11.260494792500001
Upper Bar BC,2021,2021-08-20,2021-08-05,1,upperbarbc_SG,206.3496042,161.30762503,111.3496042,86.30762503,10.753841668666666
Upper Bar BC,2021,2021-08-20,2021-08-05,2,upperbarbc_SG,206.3496042,161.30762503,111.3496042,86.30762503,10.753841668666666
Upper Bar BC,2021,2021-08-20,2021-08-05,3,upperbarbc_SG,206.3496042,161.30762503,111.3496042,86.30762503,10.753841668666666
Upper Bar BC,2021,2021-08-20,2021-08-05,4,upperbarbc_SG,206.3496042,161.30762503,111.3496042,86.30762503,10.753841668666666
Upper Bar BC,2021,2021-09-09,2021-08-20,1,upperbarbc_SG,409.944812543,203.595208343,214.944812543,103.595208343,10.17976041715
Upper Bar BC,2021,2021-09-09,2021-08-20,2,upperbarbc_SG,409.944812543,203.595208343,214.944812543,103.595208343,10.17976041715
Upper Bar BC,2021,2021-09-09,2021-08-20,3,upperbarbc_SG,409.944812543,203.595208343,214.944812543,103.595208343,10.17976041715
Upper Bar BC,2021,2021-09-09,2021-08-20,4,upperbarbc_SG,409.944812543,203.595208343,214.944812543,103.595208343,10.17976041715
Upper Bar BC,2021,2021-10-09,2021-09-09,1,upperbarbc_SG,688.299937542,278.355124999,343.299937542,128.355124999,9.278504166633333
Upper Bar BC,2021,2021-10-09,2021-09-09,2,upperbarbc_SG,688.299937542,278.355124999,343.299937542,128.355124999,9.278504166633333
Upper Bar BC,2021,2021-10-09,2021-09-09,3,upperbarbc_SG,688.299937542,278.355124999,343.299937542,128.355124999,9.278504166633333
Upper Bar BC,2021,2021-10-09,2021-09-09,4,upperbarbc_SG,688.299937542,278.355124999,343.299937542,128.355124999,9.278504166633333
Upper Bar BC,2021,2021-11-04,2021-10-09,1,upperbarbc_SG,891.017812544,202.717875002,416.017812544,72.717875002,7.796841346230769
Upper Bar BC,2021,2021-11-04,2021-10-09,2,upperbarbc_SG,891.017812544,202.717875002,416.017812544,72.717875002,7.796841346230769
Upper Bar BC,2021,2021-11-04,2021-10-09,3,upperbarbc_SG,891.017812544,202.717875002,416.017812544,72.717875002,7.796841346230769
Upper Bar BC,2021,2021-11-04,2021-10-09,4,upperbarbc_SG,891.017812544,202.717875002,416.017812544,72.717875002,7.796841346230769
Blacktail,2021,2021-08-05,2021-08-01,1,blacktail_1A,43.354375,43.354375,23.354374999999997,23.354374999999997,10.83859375
Blacktail,2021,2021-08-05,2021-08-01,2,blacktail_1A,43.354375,43.354375,23.354374999999997,23.354374999999997,10.83859375
Blacktail,2021,2021-08-05,2021-08-01,3,blacktail_1A,43.354375,43.354375,23.354374999999997,23.354374999999997,10.83859375
Blacktail,2021,2021-08-05,2021-08-01,4,blacktail_1A,43.354375,43.354375,23.354374999999997,23.354374999999997,10.83859375
Blacktail,2021,2021-08-20,2021-08-05,1,blacktail_1A,201.956833353,158.602458353,106.95683335300001,83.602458353,10.573497223533334
Blacktail,2021,2021-08-20,2021-08-05,2,blacktail_1A,201.956833353,158.602458353,106.95683335300001,83.602458353,10.573497223533334
Blacktail,2021,2021-08-20,2021-08-05,3,blacktail_1A,201.956833353,158.602458353,106.95683335300001,83.602458353,10.573497223533334
Blacktail,2021,2021-08-20,2021-08-05,4,blacktail_1A,201.956833353,158.602458353,106.95683335300001,83.602458353,10.573497223533334
Blacktail,2021,2021-09-09,2021-08-20,1,blacktail_1A,405.41691668,203.460083327,210.41691668,103.460083327,10.17300416635
Blacktail,2021,2021-09-09,2021-08-20,2,blacktail_1A,405.41691668,203.460083327,210.41691668,103.460083327,10.17300416635
Blacktail,2021,2021-09-09,2021-08-20,3,blacktail_1A,405.41691668,203.460083327,210.41691668,103.460083327,10.17300416635
Blacktail,2021,2021-09-09,2021-08-20,4,blacktail_1A,405.41691668,203.460083327,210.41691668,103.460083327,10.17300416635
Blacktail,2021,2021-10-09,2021-09-09,1,blacktail_1A,691.038875015,285.621958335,346.038875015,135.621958335,9.5207319445
Blacktail,2021,2021-10-09,2021-09-09,2,blacktail_1A,691.038875015,285.621958335,346.038875015,135.621958335,9.5207319445
Blacktail,2021,2021-10-09,2021-09-09,3,blacktail_1A,691.038875015,285.621958335,346.038875015,135.621958335,9.5207319445
Blacktail,2021,2021-10-09,2021-09-09,4,blacktail_1A,691.038875015,285.621958335,346.038875015,135.621958335,9.5207319445
Blacktail,2021,2021-11-04,2021-10-09,1,blacktail_1A,913.161000016,222.122125001,438.161000016,92.122125001,8.543158653884616
Blacktail,2021,2021-11-04,2021-10-09,2,blacktail_1A,913.161000016,222.122125001,438.161000016,92.122125001,8.543158653884616
Blacktail,2021,2021-11-04,2021-10-09,3,blacktail_1A,913.161000016,222.122125001,438.161000016,92.122125001,8.543158653884616
Blacktail,2021,2021-11-04,2021-10-09,4,blacktail_1A,913.161000016,222.122125001,438.161000016,92.122125001,8.543158653884616
Lower Bar BC,2021,2021-08-06,2021-08-01,1,lowerbarbc_SG,52.403979160000006,52.403979160000006,27.403979160000002,27.403979160000002,10.480795832
Lower Bar BC,2021,2021-08-06,2021-08-01,2,lowerbarbc_SG,52.403979160000006,52.403979160000006,27.403979160000002,27.403979160000002,10.480795832
Lower Bar BC,2021,2021-08-06,2021-08-01,3,lowerbarbc_SG,52.403979160000006,52.403979160000006,27.403979160000002,27.403979160000002,10.480795832
Lower Bar BC,2021,2021-08-06,2021-08-01,4,lowerbarbc_SG,52.403979160000006,52.403979160000006,27.403979160000002,27.403979160000002,10.480795832
Lower Bar BC,2021,2021-08-21,2021-08-06,1,lowerbarbc_SG,207.990395833,155.586416673,107.990395833,80.586416673,10.3724277782
Lower Bar BC,2021,2021-08-21,2021-08-06,2,lowerbarbc_SG,207.990395833,155.586416673,107.990395833,80.586416673,10.3724277782
Lower Bar BC,2021,2021-08-21,2021-08-06,3,lowerbarbc_SG,207.990395833,155.586416673,107.990395833,80.586416673,10.3724277782
Lower Bar BC,2021,2021-08-21,2021-08-06,4,lowerbarbc_SG,207.990395833,155.586416673,107.990395833,80.586416673,10.3724277782
Lower Bar BC,2021,2021-09-13,2021-08-21,1,lowerbarbc_SG,441.289250006,233.298854173,226.289250006,118.298854173,10.143428442304348
Lower Bar BC,2021,2021-09-13,2021-08-21,2,lowerbarbc_SG,441.289250006,233.298854173,226.289250006,118.298854173,10.143428442304348
Lower Bar BC,2021,2021-09-13,2021-08-21,3,lowerbarbc_SG,441.289250006,233.298854173,226.289250006,118.298854173,10.143428442304348
Lower Bar BC,2021,2021-09-13,2021-08-21,4,lowerbarbc_SG,441.289250006,233.298854173,226.289250006,118.298854173,10.143428442304348
Lower Bar BC,2021,2021-10-06,2021-09-13,1,lowerbarbc_SG,661.808000004,220.518749998,331.808000004,105.518749998,9.587771739043479
Lower Bar BC,2021,2021-10-06,2021-09-13,2,lowerbarbc_SG,661.808000004,220.518749998,331.808000004,105.518749998,9.587771739043479
Lower Bar BC,2021,2021-10-06,2021-09-13,3,lowerbarbc_SG,661.808000004,220.518749998,331.808000004,105.518749998,9.587771739043479
Lower Bar BC,2021,2021-10-06,2021-09-13,4,lowerbarbc_SG,661.808000004,220.518749998,331.808000004,105.518749998,9.587771739043479
Lower Bar BC,2021,2021-11-02,2021-10-06,1,lowerbarbc_SG,903.313500006,241.505500002,438.313500006,106.505500002,8.944648148222223
Lower Bar BC,2021,2021-11-02,2021-10-06,2,lowerbarbc_SG,903.313500006,241.505500002,438.313500006,106.505500002,8.944648148222223
Lower Bar BC,2021,2021-11-02,2021-10-06,3,lowerbarbc_SG,903.313500006,241.505500002,438.313500006,106.505500002,8.944648148222223
Lower Bar BC,2021,2021-11-02,2021-10-06,4,lowerbarbc_SG,903.313500006,241.505500002,438.313500006,106.505500002,8.944648148222223
3 Channel,2021,2021-08-06,2021-08-01,1,threechannel_1A,59.435,59.435,34.435,34.435,11.887
3 Channel,2021,2021-08-06,2021-08-01,2,threechannel_1A,59.435,59.435,34.435,34.435,11.887
3 Channel,2021,2021-08-06,2021-08-01,3,threechannel_1A,59.435,59.435,34.435,34.435,11.887
3 Channel,2021,2021-08-06,2021-08-01,4,threechannel_1A,59.435,59.435,34.435,34.435,11.887
3 Channel,2021,2021-08-22,2021-08-06,1,threechannel_1A,243.33416667,183.89916667,138.33416667,103.89916667,11.493697916875
3 Channel,2021,2021-08-22,2021-08-06,2,threechannel_1A,243.33416667,183.89916667,138.33416667,103.89916667,11.493697916875
3 Channel,2021,2021-08-22,2021-08-06,3,threechannel_1A,243.33416667,183.89916667,138.33416667,103.89916667,11.493697916875
3 Channel,2021,2021-08-22,2021-08-06,4,threechannel_1A,243.33416667,183.89916667,138.33416667,103.89916667,11.493697916875
3 Channel,2021,2021-09-14,2021-08-22,1,threechannel_1A,495.94458332,252.61041665,275.94458332,137.61041665,10.983061593478261
3 Channel,2021,2021-09-14,2021-08-22,2,threechannel_1A,495.94458332,252.61041665,275.94458332,137.61041665,10.983061593478261
3 Channel,2021,2021-09-14,2021-08-22,3,threechannel_1A,495.94458332,252.61041665,275.94458332,137.61041665,10.983061593478261
3 Channel,2021,2021-09-14,2021-08-22,4,threechannel_1A,495.94458332,252.61041665,275.94458332,137.61041665,10.983061593478261
3 Channel,2021,2021-10-06,2021-09-14,1,threechannel_1A,707.518749978,211.574166658,377.518749978,101.574166658,9.617007575363637
3 Channel,2021,2021-10-06,2021-09-14,2,threechannel_1A,707.518749978,211.574166658,377.518749978,101.574166658,9.617007575363637
3 Channel,2021,2021-10-06,2021-09-14,3,threechannel_1A,707.518749978,211.574166658,377.518749978,101.574166658,9.617007575363637
3 Channel,2021,2021-10-06,2021-09-14,4,threechannel_1A,707.518749978,211.574166658,377.518749978,101.574166658,9.617007575363637
3 Channel,2021,2021-11-02,2021-10-06,1,threechannel_1A,926.547916644,219.029166666,461.547916644,84.029166666,8.112191358
3 Channel,2021,2021-11-02,2021-10-06,2,threechannel_1A,926.547916644,219.029166666,461.547916644,84.029166666,8.112191358
3 Channel,2021,2021-11-02,2021-10-06,3,threechannel_1A,926.547916644,219.029166666,461.547916644,84.029166666,8.112191358
3 Channel,2021,2021-11-02,2021-10-06,4,threechannel_1A,926.547916644,219.029166666,461.547916644,84.029166666,8.112191358
Flat,2021,2021-08-07,2021-08-01,1,flat_4B,63.762857159999996,63.762857159999996,33.762857159999996,33.762857159999996,10.62714286
Flat,2021,2021-08-07,2021-08-01,2,flat_4B,63.762857159999996,63.762857159999996,33.762857159999996,33.762857159999996,10.62714286
Flat,2021,2021-08-07,2021-08-01,3,flat_4B,63.762857159999996,63.762857159999996,33.762857159999996,33.762857159999996,10.62714286
Flat,2021,2021-08-07,2021-08-01,4,flat_4B,63.762857159999996,63.762857159999996,33.762857159999996,33.762857159999996,10.62714286
Flat,2021,2021-08-23,2021-08-07,1,flat_4B,216.794607165,153.031750005,106.794607165,73.03175000499999,9.5644843753125
Flat,2021,2021-08-23,2021-08-07,2,flat_4B,216.794607165,153.031750005,106.794607165,73.03175000499999,9.5644843753125
Flat,2021,2021-08-23,2021-08-07,3,flat_4B,216.794607165,153.031750005,106.794607165,73.03175000499999,9.5644843753125
Flat,2021,2021-08-23,2021-08-07,4,flat_4B,216.794607165,153.031750005,106.794607165,73.03175000499999,9.5644843753125
Flat,2021,2021-09-15,2021-08-23,1,flat_4B,429.975107168,213.180500003,204.975107168,98.18050000299999,9.268717391434782
Flat,2021,2021-09-15,2021-08-23,2,flat_4B,429.975107168,213.180500003,204.975107168,98.18050000299999,9.268717391434782
Flat,2021,2021-09-15,2021-08-23,3,flat_4B,429.975107168,213.180500003,204.975107168,98.18050000299999,9.268717391434782
Flat,2021,2021-09-15,2021-08-23,4,flat_4B,429.975107168,213.180500003,204.975107168,98.18050000299999,9.268717391434782
Flat,2021,2021-10-10,2021-09-15,1,flat_4B,640.671607169,210.696500001,290.67160716899997,85.696500001,8.42786000004
Flat,2021,2021-10-10,2021-09-15,2,flat_4B,640.671607169,210.696500001,290.67160716899997,85.696500001,8.42786000004
Flat,2021,2021-10-10,2021-09-15,3,flat_4B,640.671607169,210.696500001,290.67160716899997,85.696500001,8.42786000004
Flat,2021,2021-10-10,2021-09-15,4,flat_4B,640.671607169,210.696500001,290.67160716899997,85.696500001,8.42786000004
Flat,2021,2021-11-01,2021-10-10,1,flat_4B,806.489933802,165.818326633,346.489933802,55.818326633,7.5371966651363635
Flat,2021,2021-11-01,2021-10-10,2,flat_4B,806.489933802,165.818326633,346.489933802,55.818326633,7.5371966651363635
Flat,2021,2021-11-01,2021-10-10,3,flat_4B,806.489933802,165.818326633,346.489933802,55.818326633,7.5371966651363635
Flat,2021,2021-11-01,2021-10-10,4,flat_4B,806.489933802,165.818326633,346.489933802,55.818326633,7.5371966651363635
Fish,2021,2021-08-08,2021-08-01,1,fish_downstream,93.07408334,93.07408334,58.07408334,58.07408334,13.29629762
Fish,2021,2021-08-08,2021-08-01,2,fish_downstream,93.07408334,93.07408334,58.07408334,58.07408334,13.29629762
Fish,2021,2021-08-08,2021-08-01,3,fish_downstream,93.07408334,93.07408334,58.07408334,58.07408334,13.29629762
Fish,2021,2021-08-08,2021-08-01,4,fish_downstream,93.07408334,93.07408334,58.07408334,58.07408334,13.29629762
Fish,2021,2021-08-22,2021-08-08,1,fish_downstream,275.70770833,182.63362499,170.70770833,112.63362499,13.045258927857143
Fish,2021,2021-08-22,2021-08-08,2,fish_downstream,275.70770833,182.63362499,170.70770833,112.63362499,13.045258927857143
Fish,2021,2021-08-22,2021-08-08,3,fish_downstream,275.70770833,182.63362499,170.70770833,112.63362499,13.045258927857143
Fish,2021,2021-08-22,2021-08-08,4,fish_downstream,275.70770833,182.63362499,170.70770833,112.63362499,13.045258927857143
Fish,2021,2021-09-12,2021-08-22,1,fish_downstream,541.76916666,266.06145833,331.76916666,161.06145833,12.669593253809524
Fish,2021,2021-09-12,2021-08-22,2,fish_downstream,541.76916666,266.06145833,331.76916666,161.06145833,12.669593253809524
Fish,2021,2021-09-12,2021-08-22,3,fish_downstream,541.76916666,266.06145833,331.76916666,161.06145833,12.669593253809524
Fish,2021,2021-09-12,2021-08-22,4,fish_downstream,541.76916666,266.06145833,331.76916666,161.06145833,12.669593253809524
Fish,2021,2021-10-08,2021-09-12,1,fish_downstream,843.62670833,301.85754167,503.62670833,171.85754167,11.609905448846154
Fish,2021,2021-10-08,2021-09-12,2,fish_downstream,843.62670833,301.85754167,503.62670833,171.85754167,11.609905448846154
Fish,2021,2021-10-08,2021-09-12,3,fish_downstream,843.62670833,301.85754167,503.62670833,171.85754167,11.609905448846154
Fish,2021,2021-10-08,2021-09-12,4,fish_downstream,843.62670833,301.85754167,503.62670833,171.85754167,11.609905448846154
Fish,2021,2021-11-05,2021-10-08,1,fish_downstream,1117.3320110955,273.7053027655,637.3320110955,133.7053027655,9.775189384482143
Fish,2021,2021-11-05,2021-10-08,2,fish_downstream,1117.3320110955,273.7053027655,637.3320110955,133.7053027655,9.775189384482143
Fish,2021,2021-11-05,2021-10-08,3,fish_downstream,1117.3320110955,273.7053027655,637.3320110955,133.7053027655,9.775189384482143
Fish,2021,2021-11-05,2021-10-08,4,fish_downstream,1117.3320110955,273.7053027655,637.3320110955,133.7053027655,9.775189384482143
Fall,2021,2021-08-08,2021-08-01,1,fall_4B,105.08617261,105.08617261,70.08617261,70.08617261,15.012310372857142
Fall,2021,2021-08-08,2021-08-01,2,fall_4B,105.08617261,105.08617261,70.08617261,70.08617261,15.012310372857142
Fall,2021,2021-08-08,2021-08-01,3,fall_4B,105.08617261,105.08617261,70.08617261,70.08617261,15.012310372857142
Fall,2021,2021-08-08,2021-08-01,4,fall_4B,105.08617261,105.08617261,70.08617261,70.08617261,15.012310372857142
Fall,2021,2021-08-23,2021-08-08,1,fall_4B,300.940005943,195.853833333,190.940005943,120.853833333,13.0569222222
Fall,2021,2021-08-23,2021-08-08,2,fall_4B,300.940005943,195.853833333,190.940005943,120.853833333,13.0569222222
Fall,2021,2021-08-23,2021-08-08,3,fall_4B,300.940005943,195.853833333,190.940005943,120.853833333,13.0569222222
Fall,2021,2021-08-23,2021-08-08,4,fall_4B,300.940005943,195.853833333,190.940005943,120.853833333,13.0569222222
Fall,2021,2021-09-13,2021-08-23,1,fall_4B,544.437880943,243.497875,329.437880943,138.497875,11.595136904761905
Fall,2021,2021-09-13,2021-08-23,2,fall_4B,544.437880943,243.497875,329.437880943,138.497875,11.595136904761905
Fall,2021,2021-09-13,2021-08-23,3,fall_4B,544.437880943,243.497875,329.437880943,138.497875,11.595136904761905
Fall,2021,2021-09-13,2021-08-23,4,fall_4B,544.437880943,243.497875,329.437880943,138.497875,11.595136904761905
Fall,2021,2021-10-07,2021-09-13,1,fall_4B,746.948297613,202.51041667,411.948297613,82.51041667,8.437934027916667
Fall,2021,2021-10-07,2021-09-13,2,fall_4B,746.948297613,202.51041667,411.948297613,82.51041667,8.437934027916667
Fall,2021,2021-10-07,2021-09-13,3,fall_4B,746.948297613,202.51041667,411.948297613,82.51041667,8.437934027916667
Fall,2021,2021-10-07,2021-09-13,4,fall_4B,746.948297613,202.51041667,411.948297613,82.51041667,8.437934027916667
Fall,2021,2021-11-05,2021-10-07,1,fall_4B,885.1763809465,138.2280833335,421.549422612,9.601124999,4.766485632189656
Fall,2021,2021-11-05,2021-10-07,2,fall_4B,885.1763809465,138.2280833335,421.549422612,9.601124999,4.766485632189656
Fall,2021,2021-11-05,2021-10-07,3,fall_4B,885.1763809465,138.2280833335,421.549422612,9.601124999,4.766485632189656
Fall,2021,2021-11-05,2021-10-07,4,fall_4B,885.1763809465,138.2280833335,421.549422612,9.601124999,4.766485632189656
Crystal,2021,2021-08-09,2021-08-01,1,crystal_1A,89.31916668,89.31916668,49.31916668,49.31916668,11.164895835
Crystal,2021,2021-08-09,2021-08-01,2,crystal_1A,89.31916668,89.31916668,49.31916668,49.31916668,11.164895835
Crystal,2021,2021-08-09,2021-08-01,3,crystal_1A,89.31916668,89.31916668,49.31916668,49.31916668,11.164895835
Crystal,2021,2021-08-09,2021-08-01,4,crystal_1A,89.31916668,89.31916668,49.31916668,49.31916668,11.164895835
Crystal,2021,2021-08-30,2021-08-09,1,crystal_1A,301.482500016,212.163333336,156.482500016,107.163333336,10.103015873142857
Crystal,2021,2021-08-30,2021-08-09,2,crystal_1A,301.482500016,212.163333336,156.482500016,107.163333336,10.103015873142857
Crystal,2021,2021-08-30,2021-08-09,3,crystal_1A,301.482500016,212.163333336,156.482500016,107.163333336,10.103015873142857
Crystal,2021,2021-08-30,2021-08-09,4,crystal_1A,301.482500016,212.163333336,156.482500016,107.163333336,10.103015873142857
Crystal,2021,2021-09-15,2021-08-30,1,crystal_1A,447.882916678,146.400416662,222.882916678,66.400416662,9.150026041375
Crystal,2021,2021-09-15,2021-08-30,2,crystal_1A,447.882916678,146.400416662,222.882916678,66.400416662,9.150026041375
Crystal,2021,2021-09-15,2021-08-30,3,crystal_1A,447.882916678,146.400416662,222.882916678,66.400416662,9.150026041375
Crystal,2021,2021-09-15,2021-08-30,4,crystal_1A,447.882916678,146.400416662,222.882916678,66.400416662,9.150026041375
Crystal,2021,2021-10-10,2021-09-15,1,crystal_1A,624.305833345,176.422916667,274.305833345,51.422916666999996,7.05691666668
Crystal,2021,2021-10-10,2021-09-15,2,crystal_1A,624.305833345,176.422916667,274.305833345,51.422916666999996,7.05691666668
Crystal,2021,2021-10-10,2021-09-15,3,crystal_1A,624.305833345,176.422916667,274.305833345,51.422916666999996,7.05691666668
Crystal,2021,2021-10-10,2021-09-15,4,crystal_1A,624.305833345,176.422916667,274.305833345,51.422916666999996,7.05691666668
Crystal,2021,2021-11-01,2021-10-10,1,crystal_1A,731.9863492185,107.6805158735,277.7238492185,3.418015873499999,4.894568903340909
Crystal,2021,2021-11-01,2021-10-10,2,crystal_1A,731.9863492185,107.6805158735,277.7238492185,3.418015873499999,4.894568903340909
Crystal,2021,2021-11-01,2021-10-10,3,crystal_1A,731.9863492185,107.6805158735,277.7238492185,3.418015873499999,4.894568903340909
Crystal,2021,2021-11-01,2021-10-10,4,crystal_1A,731.9863492185,107.6805158735,277.7238492185,3.418015873499999,4.894568903340909
Spread,2021,2021-08-10,2021-08-01,1,spread_1A,117.47375,117.47375,72.47375,72.47375,13.05263888888889
Spread,2021,2021-08-10,2021-08-01,2,spread_1A,117.47375,117.47375,72.47375,72.47375,13.05263888888889
Spread,2021,2021-08-10,2021-08-01,3,spread_1A,117.47375,117.47375,72.47375,72.47375,13.05263888888889
Spread,2021,2021-08-10,2021-08-01,4,spread_1A,117.47375,117.47375,72.47375,72.47375,13.05263888888889
Spread,2021,2021-08-31,2021-08-10,1,spread_1A,356.835416682,239.361666682,206.835416682,134.361666682,11.398174603904762
Spread,2021,2021-08-31,2021-08-10,2,spread_1A,356.835416682,239.361666682,206.835416682,134.361666682,11.398174603904762
Spread,2021,2021-08-31,2021-08-10,3,spread_1A,356.835416682,239.361666682,206.835416682,134.361666682,11.398174603904762
Spread,2021,2021-08-31,2021-08-10,4,spread_1A,356.835416682,239.361666682,206.835416682,134.361666682,11.398174603904762
Spread,2021,2021-09-16,2021-08-31,1,spread_1A,512.683333347,155.847916665,282.683333347,75.847916665,9.7404947915625
Spread,2021,2021-09-16,2021-08-31,2,spread_1A,512.683333347,155.847916665,282.683333347,75.847916665,9.7404947915625
Spread,2021,2021-09-16,2021-08-31,3,spread_1A,512.683333347,155.847916665,282.683333347,75.847916665,9.7404947915625
Spread,2021,2021-09-16,2021-08-31,4,spread_1A,512.683333347,155.847916665,282.683333347,75.847916665,9.7404947915625
Spread,2021,2021-10-04,2021-09-16,1,spread_1A,625.612083347,112.92875,306.835833347,24.1525,6.273819444444444
Spread,2021,2021-10-04,2021-09-16,2,spread_1A,625.612083347,112.92875,306.835833347,24.1525,6.273819444444444
Spread,2021,2021-10-04,2021-09-16,3,spread_1A,625.612083347,112.92875,306.835833347,24.1525,6.273819444444444
Spread,2021,2021-10-04,2021-09-16,4,spread_1A,625.612083347,112.92875,306.835833347,24.1525,6.273819444444444
Spread,2021,2021-10-30,2021-10-04,1,spread_1A,708.955606076,83.343522729,310.434583348,3.598750000999999,3.2055201049615385
Spread,2021,2021-10-30,2021-10-04,2,spread_1A,708.955606076,83.343522729,310.434583348,3.598750000999999,3.2055201049615385
Spread,2021,2021-10-30,2021-10-04,3,spread_1A,708.955606076,83.343522729,310.434583348,3.598750000999999,3.2055201049615385
Spread,2021,2021-10-30,2021-10-04,4,spread_1A,708.955606076,83.343522729,310.434583348,3.598750000999999,3.2055201049615385
Blackrock,2021,2021-08-10,2021-08-01,1,blackrock_1A,140.99375,140.99375,95.99375,95.99375,15.665972222222223
Blackrock,2021,2021-08-10,2021-08-01,2,blackrock_1A,140.99375,140.99375,95.99375,95.99375,15.665972222222223
Blackrock,2021,2021-08-10,2021-08-01,3,blackrock_1A,140.99375,140.99375,95.99375,95.99375,15.665972222222223
Blackrock,2021,2021-08-10,2021-08-01,4,blackrock_1A,140.99375,140.99375,95.99375,95.99375,15.665972222222223
Blackrock,2021,2021-08-31,2021-08-10,1,blackrock_1A,423.72291668,282.72916668,273.72291668,177.72916668,13.463293651428572
Blackrock,2021,2021-08-31,2021-08-10,2,blackrock_1A,423.72291668,282.72916668,273.72291668,177.72916668,13.463293651428572
Blackrock,2021,2021-08-31,2021-08-10,3,blackrock_1A,423.72291668,282.72916668,273.72291668,177.72916668,13.463293651428572
Blackrock,2021,2021-08-31,2021-08-10,4,blackrock_1A,423.72291668,282.72916668,273.72291668,177.72916668,13.463293651428572
Blackrock,2021,2021-09-16,2021-08-31,1,blackrock_1A,604.597500024,180.874583344,374.597500024,100.874583344,11.304661459
Blackrock,2021,2021-09-16,2021-08-31,2,blackrock_1A,604.597500024,180.874583344,374.597500024,100.874583344,11.304661459
Blackrock,2021,2021-09-16,2021-08-31,3,blackrock_1A,604.597500024,180.874583344,374.597500024,100.874583344,11.304661459
Blackrock,2021,2021-09-16,2021-08-31,4,blackrock_1A,604.597500024,180.874583344,374.597500024,100.874583344,11.304661459
Blackrock,2021,2021-10-04,2021-09-16,1,blackrock_1A,732.093333356,127.495833332,412.093333356,37.495833332000004,7.083101851777778
Blackrock,2021,2021-10-04,2021-09-16,2,blackrock_1A,732.093333356,127.495833332,412.093333356,37.495833332000004,7.083101851777778
Blackrock,2021,2021-10-04,2021-09-16,3,blackrock_1A,732.093333356,127.495833332,412.093333356,37.495833332000004,7.083101851777778
Blackrock,2021,2021-10-04,2021-09-16,4,blackrock_1A,732.093333356,127.495833332,412.093333356,37.495833332000004,7.083101851777778
Blackrock,2021,2021-10-30,2021-10-04,1,blackrock_1A,823.4160000225,91.3226666665,418.580000023,6.486666667,3.512410256403846
Blackrock,2021,2021-10-30,2021-10-04,2,blackrock_1A,823.4160000225,91.3226666665,418.580000023,6.486666667,3.512410256403846
Blackrock,2021,2021-10-30,2021-10-04,3,blackrock_1A,823.4160000225,91.3226666665,418.580000023,6.486666667,3.512410256403846
Blackrock,2021,2021-10-30,2021-10-04,4,blackrock_1A,823.4160000225,91.3226666665,418.580000023,6.486666667,3.512410256403846
Cliff,2021,2021-08-12,2021-08-01,1,cliff_1A,139.95879167,139.95879167,84.95879167,84.95879167,12.723526515454544
Cliff,2021,2021-08-12,2021-08-01,2,cliff_1A,139.95879167,139.95879167,84.95879167,84.95879167,12.723526515454544
Cliff,2021,2021-08-12,2021-08-01,3,cliff_1A,139.95879167,139.95879167,84.95879167,84.95879167,12.723526515454544
Cliff,2021,2021-08-12,2021-08-01,4,cliff_1A,139.95879167,139.95879167,84.95879167,84.95879167,12.723526515454544
Cliff,2021,2021-09-01,2021-08-12,1,cliff_1A,361.220583337,221.261791667,206.220583337,121.261791667,11.063089583350001
Cliff,2021,2021-09-01,2021-08-12,2,cliff_1A,361.220583337,221.261791667,206.220583337,121.261791667,11.063089583350001
Cliff,2021,2021-09-01,2021-08-12,3,cliff_1A,361.220583337,221.261791667,206.220583337,121.261791667,11.063089583350001
Cliff,2021,2021-09-01,2021-08-12,4,cliff_1A,361.220583337,221.261791667,206.220583337,121.261791667,11.063089583350001
Cliff,2021,2021-09-17,2021-09-01,1,cliff_1A,520.502208343,159.281625006,285.502208343,79.281625006,9.955101562875
Cliff,2021,2021-09-17,2021-09-01,2,cliff_1A,520.502208343,159.281625006,285.502208343,79.281625006,9.955101562875
Cliff,2021,2021-09-17,2021-09-01,3,cliff_1A,520.502208343,159.281625006,285.502208343,79.281625006,9.955101562875
Cliff,2021,2021-09-17,2021-09-01,4,cliff_1A,520.502208343,159.281625006,285.502208343,79.281625006,9.955101562875
Cliff,2021,2021-10-05,2021-09-17,1,cliff_1A,646.444916675,125.942708332,321.444916675,35.942708331999995,6.996817129555556
Cliff,2021,2021-10-05,2021-09-17,2,cliff_1A,646.444916675,125.942708332,321.444916675,35.942708331999995,6.996817129555556
Cliff,2021,2021-10-05,2021-09-17,3,cliff_1A,646.444916675,125.942708332,321.444916675,35.942708331999995,6.996817129555556
Cliff,2021,2021-10-05,2021-09-17,4,cliff_1A,646.444916675,125.942708332,321.444916675,35.942708331999995,6.996817129555556
Cliff,2021,2021-10-31,2021-10-05,1,cliff_1A,765.680791675,119.23587500000001,330.620791675,9.175875000000001,4.585995192307692
Cliff,2021,2021-10-31,2021-10-05,2,cliff_1A,765.680791675,119.23587500000001,330.620791675,9.175875000000001,4.585995192307692
Cliff,2021,2021-10-31,2021-10-05,3,cliff_1A,765.680791675,119.23587500000001,330.620791675,9.175875000000001,4.585995192307692
Cliff,2021,2021-10-31,2021-10-05,4,cliff_1A,765.680791675,119.23587500000001,330.620791675,9.175875000000001,4.585995192307692
Willow,2021,2021-08-12,2021-08-01,1,willow_4B,144.04708335,144.04708335,89.04708335,89.04708335,13.095189395454545
Willow,2021,2021-08-12,2021-08-01,2,willow_4B,144.04708335,144.04708335,89.04708335,89.04708335,13.095189395454545
Willow,2021,2021-08-12,2021-08-01,3,willow_4B,144.04708335,144.04708335,89.04708335,89.04708335,13.095189395454545
Willow,2021,2021-08-12,2021-08-01,4,willow_4B,144.04708335,144.04708335,89.04708335,89.04708335,13.095189395454545
Willow,2021,2021-09-01,2021-08-12,1,willow_4B,369.50083334,225.45374999,214.50083333999999,125.45374999,11.2726874995
Willow,2021,2021-09-01,2021-08-12,2,willow_4B,369.50083334,225.45374999,214.50083333999999,125.45374999,11.2726874995
Willow,2021,2021-09-01,2021-08-12,3,willow_4B,369.50083334,225.45374999,214.50083333999999,125.45374999,11.2726874995
Willow,2021,2021-09-01,2021-08-12,4,willow_4B,369.50083334,225.45374999,214.50083333999999,125.45374999,11.2726874995
Willow,2021,2021-09-17,2021-09-01,1,willow_4B,531.265833337,161.764999997,296.265833337,81.764999997,10.1103124998125
Willow,2021,2021-09-17,2021-09-01,2,willow_4B,531.265833337,161.764999997,296.265833337,81.764999997,10.1103124998125
Willow,2021,2021-09-17,2021-09-01,3,willow_4B,531.265833337,161.764999997,296.265833337,81.764999997,10.1103124998125
Willow,2021,2021-09-17,2021-09-01,4,willow_4B,531.265833337,161.764999997,296.265833337,81.764999997,10.1103124998125
Willow,2021,2021-10-05,2021-09-17,1,willow_4B,665.259583338,133.993750001,340.259583338,43.993750001,7.444097222277778
Willow,2021,2021-10-05,2021-09-17,2,willow_4B,665.259583338,133.993750001,340.259583338,43.993750001,7.444097222277778
Willow,2021,2021-10-05,2021-09-17,3,willow_4B,665.259583338,133.993750001,340.259583338,43.993750001,7.444097222277778
Willow,2021,2021-10-05,2021-09-17,4,willow_4B,665.259583338,133.993750001,340.259583338,43.993750001,7.444097222277778
Willow,2021,2021-10-31,2021-10-05,1,willow_4B,808.708106065,143.448522727,358.365000004,18.105416666,5.517250874115384
Willow,2021,2021-10-31,2021-10-05,2,willow_4B,808.708106065,143.448522727,358.365000004,18.105416666,5.517250874115384
Willow,2021,2021-10-31,2021-10-05,3,willow_4B,808.708106065,143.448522727,358.365000004,18.105416666,5.517250874115384
Willow,2021,2021-10-31,2021-10-05,4,willow_4B,808.708106065,143.448522727,358.365000004,18.105416666,5.517250874115384
Mosquito,2021,2021-08-08,2021-08-01,1,mosquito_1A,108.04762501,108.04762501,73.04762501,73.04762501,15.435375001428572
Mosquito,2021,2021-08-08,2021-08-01,2,mosquito_1A,108.04762501,108.04762501,73.04762501,73.04762501,15.435375001428572
Mosquito,2021,2021-08-08,2021-08-01,3,mosquito_1A,108.04762501,108.04762501,73.04762501,73.04762501,15.435375001428572
Mosquito,2021,2021-08-08,2021-08-01,4,mosquito_1A,108.04762501,108.04762501,73.04762501,73.04762501,15.435375001428572
Mosquito,2021,2021-08-23,2021-08-08,1,mosquito_1A,314.81712504,206.76950003,204.81712504,131.76950003,13.784633335333334
Mosquito,2021,2021-08-23,2021-08-08,2,mosquito_1A,314.81712504,206.76950003,204.81712504,131.76950003,13.784633335333334
Mosquito,2021,2021-08-23,2021-08-08,3,mosquito_1A,314.81712504,206.76950003,204.81712504,131.76950003,13.784633335333334
Mosquito,2021,2021-08-23,2021-08-08,4,mosquito_1A,314.81712504,206.76950003,204.81712504,131.76950003,13.784633335333334
Mosquito,2021,2021-09-13,2021-08-23,1,mosquito_1A,559.73816674,244.9210417,344.73816674,139.9210417,11.662906747619047
Mosquito,2021,2021-09-13,2021-08-23,2,mosquito_1A,559.73816674,244.9210417,344.73816674,139.9210417,11.662906747619047
Mosquito,2021,2021-09-13,2021-08-23,3,mosquito_1A,559.73816674,244.9210417,344.73816674,139.9210417,11.662906747619047
Mosquito,2021,2021-09-13,2021-08-23,4,mosquito_1A,559.73816674,244.9210417,344.73816674,139.9210417,11.662906747619047
Mosquito,2021,2021-10-07,2021-09-13,1,mosquito_1A,740.477958412,180.739791672,405.47795841199996,60.739791672,7.530824653
Mosquito,2021,2021-10-07,2021-09-13,2,mosquito_1A,740.477958412,180.739791672,405.47795841199996,60.739791672,7.530824653
Mosquito,2021,2021-10-07,2021-09-13,3,mosquito_1A,740.477958412,180.739791672,405.47795841199996,60.739791672,7.530824653
Mosquito,2021,2021-10-07,2021-09-13,4,mosquito_1A,740.477958412,180.739791672,405.47795841199996,60.739791672,7.530824653
Mosquito,2021,2021-11-05,2021-10-07,1,mosquito_1A,860.6145601015,120.1366016895,412.114500079,6.636541667,4.142641437568965
Mosquito,2021,2021-11-05,2021-10-07,2,mosquito_1A,860.6145601015,120.1366016895,412.114500079,6.636541667,4.142641437568965
Mosquito,2021,2021-11-05,2021-10-07,3,mosquito_1A,860.6145601015,120.1366016895,412.114500079,6.636541667,4.142641437568965
Mosquito,2021,2021-11-05,2021-10-07,4,mosquito_1A,860.6145601015,120.1366016895,412.114500079,6.636541667,4.142641437568965
Upper Bar BC,2022,2022-08-04,2022-08-01,1,upperbarbc_SG,33.613020829999996,33.613020829999996,18.61302083,18.61302083,11.204340276666667
Upper Bar BC,2022,2022-08-04,2022-08-01,2,upperbarbc_SG,33.613020829999996,33.613020829999996,18.61302083,18.61302083,11.204340276666667
Upper Bar BC,2022,2022-08-04,2022-08-01,3,upperbarbc_SG,33.613020829999996,33.613020829999996,18.61302083,18.61302083,11.204340276666667
Upper Bar BC,2022,2022-08-04,2022-08-01,4,upperbarbc_SG,33.613020829999996,33.613020829999996,18.61302083,18.61302083,11.204340276666667
Upper Bar BC,2022,2022-08-25,2022-08-04,1,upperbarbc_SG,272.18085416,238.56783332999998,152.18085416,133.56783332999998,11.360373015714286
Upper Bar BC,2022,2022-08-25,2022-08-04,2,upperbarbc_SG,272.18085416,238.56783332999998,152.18085416,133.56783332999998,11.360373015714286
Upper Bar BC,2022,2022-08-25,2022-08-04,3,upperbarbc_SG,272.18085416,238.56783332999998,152.18085416,133.56783332999998,11.360373015714286
Upper Bar BC,2022,2022-08-25,2022-08-04,4,upperbarbc_SG,272.18085416,238.56783332999998,152.18085416,133.56783332999998,11.360373015714286
Upper Bar BC,2022,2022-09-14,2022-08-25,1,upperbarbc_SG,485.748958326,213.568104166,265.748958326,113.568104166,10.6784052083
Upper Bar BC,2022,2022-09-14,2022-08-25,2,upperbarbc_SG,485.748958326,213.568104166,265.748958326,113.568104166,10.6784052083
Upper Bar BC,2022,2022-09-14,2022-08-25,3,upperbarbc_SG,485.748958326,213.568104166,265.748958326,113.568104166,10.6784052083
Upper Bar BC,2022,2022-09-14,2022-08-25,4,upperbarbc_SG,485.748958326,213.568104166,265.748958326,113.568104166,10.6784052083
Upper Bar BC,2022,2022-10-04,2022-09-14,1,upperbarbc_SG,678.529020831,192.780062505,358.529020831,92.780062505,9.63900312525
Upper Bar BC,2022,2022-10-04,2022-09-14,2,upperbarbc_SG,678.529020831,192.780062505,358.529020831,92.780062505,9.63900312525
Upper Bar BC,2022,2022-10-04,2022-09-14,3,upperbarbc_SG,678.529020831,192.780062505,358.529020831,92.780062505,9.63900312525
Upper Bar BC,2022,2022-10-04,2022-09-14,4,upperbarbc_SG,678.529020831,192.780062505,358.529020831,92.780062505,9.63900312525
Upper Bar BC,2022,2022-11-01,2022-10-04,1,upperbarbc_SG,902.2007083350001,223.671687504,442.200708335,83.671687504,7.988274553714286
Upper Bar BC,2022,2022-11-01,2022-10-04,2,upperbarbc_SG,902.2007083350001,223.671687504,442.200708335,83.671687504,7.988274553714286
Upper Bar BC,2022,2022-11-01,2022-10-04,3,upperbarbc_SG,902.2007083350001,223.671687504,442.200708335,83.671687504,7.988274553714286
Upper Bar BC,2022,2022-11-01,2022-10-04,4,upperbarbc_SG,902.2007083350001,223.671687504,442.200708335,83.671687504,7.988274553714286
Blacktail,2022,2022-08-04,2022-08-01,1,blacktail_1A,35.50075,35.50075,20.500749999999996,20.500749999999996,11.833583333333333
Blacktail,2022,2022-08-04,2022-08-01,2,blacktail_1A,35.50075,35.50075,20.500749999999996,20.500749999999996,11.833583333333333
Blacktail,2022,2022-08-04,2022-08-01,3,blacktail_1A,35.50075,35.50075,20.500749999999996,20.500749999999996,11.833583333333333
Blacktail,2022,2022-08-04,2022-08-01,4,blacktail_1A,35.50075,35.50075,20.500749999999996,20.500749999999996,11.833583333333333
Blacktail,2022,2022-08-24,2022-08-04,1,blacktail_1A,276.33525001,240.83450001,161.33525000999998,140.83450001,12.0417250005
Blacktail,2022,2022-08-24,2022-08-04,2,blacktail_1A,276.33525001,240.83450001,161.33525000999998,140.83450001,12.0417250005
Blacktail,2022,2022-08-24,2022-08-04,3,blacktail_1A,276.33525001,240.83450001,161.33525000999998,140.83450001,12.0417250005
Blacktail,2022,2022-08-24,2022-08-04,4,blacktail_1A,276.33525001,240.83450001,161.33525000999998,140.83450001,12.0417250005
Blacktail,2022,2022-09-14,2022-08-24,1,blacktail_1A,521.54141667,245.20616666,301.54141667,140.20616666,11.676484126666667
Blacktail,2022,2022-09-14,2022-08-24,2,blacktail_1A,521.54141667,245.20616666,301.54141667,140.20616666,11.676484126666667
Blacktail,2022,2022-09-14,2022-08-24,3,blacktail_1A,521.54141667,245.20616666,301.54141667,140.20616666,11.676484126666667
Blacktail,2022,2022-09-14,2022-08-24,4,blacktail_1A,521.54141667,245.20616666,301.54141667,140.20616666,11.676484126666667
Blacktail,2022,2022-10-04,2022-09-14,1,blacktail_1A,741.38620833,219.84479166,421.38620833,119.84479166,10.992239583
Blacktail,2022,2022-10-04,2022-09-14,2,blacktail_1A,741.38620833,219.84479166,421.38620833,119.84479166,10.992239583
Blacktail,2022,2022-10-04,2022-09-14,3,blacktail_1A,741.38620833,219.84479166,421.38620833,119.84479166,10.992239583
Blacktail,2022,2022-10-04,2022-09-14,4,blacktail_1A,741.38620833,219.84479166,421.38620833,119.84479166,10.992239583
Blacktail,2022,2022-11-01,2022-10-04,1,blacktail_1A,1019.717297606,278.331089276,559.717297606,138.331089276,9.940396045571429
Blacktail,2022,2022-11-01,2022-10-04,2,blacktail_1A,1019.717297606,278.331089276,559.717297606,138.331089276,9.940396045571429
Blacktail,2022,2022-11-01,2022-10-04,3,blacktail_1A,1019.717297606,278.331089276,559.717297606,138.331089276,9.940396045571429
Blacktail,2022,2022-11-01,2022-10-04,4,blacktail_1A,1019.717297606,278.331089276,559.717297606,138.331089276,9.940396045571429
Lower Bar BC,2022,2022-08-08,2022-08-01,1,lowerbarbc_SG,70.93808333999999,70.93808333999999,35.93808334,35.93808334,10.134011905714285
Lower Bar BC,2022,2022-08-08,2022-08-01,2,lowerbarbc_SG,70.93808333999999,70.93808333999999,35.93808334,35.93808334,10.134011905714285
Lower Bar BC,2022,2022-08-08,2022-08-01,3,lowerbarbc_SG,70.93808333999999,70.93808333999999,35.93808334,35.93808334,10.134011905714285
Lower Bar BC,2022,2022-08-08,2022-08-01,4,lowerbarbc_SG,70.93808333999999,70.93808333999999,35.93808334,35.93808334,10.134011905714285
Lower Bar BC,2022,2022-08-29,2022-08-08,1,lowerbarbc_SG,287.87029168,216.93220834,147.87029168,111.93220834,10.33010515904762
Lower Bar BC,2022,2022-08-29,2022-08-08,2,lowerbarbc_SG,287.87029168,216.93220834,147.87029168,111.93220834,10.33010515904762
Lower Bar BC,2022,2022-08-29,2022-08-08,3,lowerbarbc_SG,287.87029168,216.93220834,147.87029168,111.93220834,10.33010515904762
Lower Bar BC,2022,2022-08-29,2022-08-08,4,lowerbarbc_SG,287.87029168,216.93220834,147.87029168,111.93220834,10.33010515904762
Lower Bar BC,2022,2022-09-17,2022-08-29,1,lowerbarbc_SG,480.25004167,192.37974999,245.25004167,97.37974999,10.125249999473684
Lower Bar BC,2022,2022-09-17,2022-08-29,2,lowerbarbc_SG,480.25004167,192.37974999,245.25004167,97.37974999,10.125249999473684
Lower Bar BC,2022,2022-09-17,2022-08-29,3,lowerbarbc_SG,480.25004167,192.37974999,245.25004167,97.37974999,10.125249999473684
Lower Bar BC,2022,2022-09-17,2022-08-29,4,lowerbarbc_SG,480.25004167,192.37974999,245.25004167,97.37974999,10.125249999473684
Lower Bar BC,2022,2022-10-02,2022-09-17,1,lowerbarbc_SG,626.660604169,146.410562499,316.660604169,71.410562499,9.7607041666
Lower Bar BC,2022,2022-10-02,2022-09-17,2,lowerbarbc_SG,626.660604169,146.410562499,316.660604169,71.410562499,9.7607041666
Lower Bar BC,2022,2022-10-02,2022-09-17,3,lowerbarbc_SG,626.660604169,146.410562499,316.660604169,71.410562499,9.7607041666
Lower Bar BC,2022,2022-10-02,2022-09-17,4,lowerbarbc_SG,626.660604169,146.410562499,316.660604169,71.410562499,9.7607041666
Lower Bar BC,2022,2022-10-29,2022-10-02,1,lowerbarbc_SG,871.802145837,245.141541668,426.802145837,110.141541668,9.079316358074074
Lower Bar BC,2022,2022-10-29,2022-10-02,2,lowerbarbc_SG,871.802145837,245.141541668,426.802145837,110.141541668,9.079316358074074
Lower Bar BC,2022,2022-10-29,2022-10-02,3,lowerbarbc_SG,871.802145837,245.141541668,426.802145837,110.141541668,9.079316358074074
Lower Bar BC,2022,2022-10-29,2022-10-02,4,lowerbarbc_SG,871.802145837,245.141541668,426.802145837,110.141541668,9.079316358074074
3 Channel,2022,2022-08-03,2022-08-01,1,threechannel_1A,26.07773334,26.07773334,16.07773334,16.07773334,13.03886667
3 Channel,2022,2022-08-03,2022-08-01,2,threechannel_1A,26.07773334,26.07773334,16.07773334,16.07773334,13.03886667
3 Channel,2022,2022-08-03,2022-08-01,3,threechannel_1A,26.07773334,26.07773334,16.07773334,16.07773334,13.03886667
3 Channel,2022,2022-08-03,2022-08-01,4,threechannel_1A,26.07773334,26.07773334,16.07773334,16.07773334,13.03886667
3 Channel,2022,2022-08-25,2022-08-03,1,threechannel_1A,292.13777501,266.06004167,172.13777501,156.06004167,12.093638257727273
3 Channel,2022,2022-08-25,2022-08-03,2,threechannel_1A,292.13777501,266.06004167,172.13777501,156.06004167,12.093638257727273
3 Channel,2022,2022-08-25,2022-08-03,3,threechannel_1A,292.13777501,266.06004167,172.13777501,156.06004167,12.093638257727273
3 Channel,2022,2022-08-25,2022-08-03,4,threechannel_1A,292.13777501,266.06004167,172.13777501,156.06004167,12.093638257727273
3 Channel,2022,2022-09-16,2022-08-25,1,threechannel_1A,542.707275,250.56949999,312.707275,140.56949999,11.389522726818182
3 Channel,2022,2022-09-16,2022-08-25,2,threechannel_1A,542.707275,250.56949999,312.707275,140.56949999,11.389522726818182
3 Channel,2022,2022-09-16,2022-08-25,3,threechannel_1A,542.707275,250.56949999,312.707275,140.56949999,11.389522726818182
3 Channel,2022,2022-09-16,2022-08-25,4,threechannel_1A,542.707275,250.56949999,312.707275,140.56949999,11.389522726818182
3 Channel,2022,2022-10-05,2022-09-16,1,threechannel_1A,735.880691676,193.173416676,410.880691676,98.173416676,10.167021930315789
3 Channel,2022,2022-10-05,2022-09-16,2,threechannel_1A,735.880691676,193.173416676,410.880691676,98.173416676,10.167021930315789
3 Channel,2022,2022-10-05,2022-09-16,3,threechannel_1A,735.880691676,193.173416676,410.880691676,98.173416676,10.167021930315789
3 Channel,2022,2022-10-05,2022-09-16,4,threechannel_1A,735.880691676,193.173416676,410.880691676,98.173416676,10.167021930315789
3 Channel,2022,2022-11-02,2022-10-05,1,threechannel_1A,964.572054772,228.691363096,499.572054772,88.691363096,8.167548682
3 Channel,2022,2022-11-02,2022-10-05,2,threechannel_1A,964.572054772,228.691363096,499.572054772,88.691363096,8.167548682
3 Channel,2022,2022-11-02,2022-10-05,3,threechannel_1A,964.572054772,228.691363096,499.572054772,88.691363096,8.167548682
3 Channel,2022,2022-11-02,2022-10-05,4,threechannel_1A,964.572054772,228.691363096,499.572054772,88.691363096,8.167548682
Flat,2022,2022-08-06,2022-08-01,1,flat_4B,47.845416666999995,47.845416666999995,22.845416667,22.845416667,9.5690833334
Flat,2022,2022-08-06,2022-08-01,2,flat_4B,47.845416666999995,47.845416666999995,22.845416667,22.845416667,9.5690833334
Flat,2022,2022-08-06,2022-08-01,3,flat_4B,47.845416666999995,47.845416666999995,22.845416667,22.845416667,9.5690833334
Flat,2022,2022-08-06,2022-08-01,4,flat_4B,47.845416666999995,47.845416666999995,22.845416667,22.845416667,9.5690833334
Flat,2022,2022-08-26,2022-08-06,1,flat_4B,249.01374998400001,201.168333317,124.013749984,101.168333317,10.05841666585
Flat,2022,2022-08-26,2022-08-06,2,flat_4B,249.01374998400001,201.168333317,124.013749984,101.168333317,10.05841666585
Flat,2022,2022-08-26,2022-08-06,3,flat_4B,249.01374998400001,201.168333317,124.013749984,101.168333317,10.05841666585
Flat,2022,2022-08-26,2022-08-06,4,flat_4B,249.01374998400001,201.168333317,124.013749984,101.168333317,10.05841666585
Flat,2022,2022-09-17,2022-08-26,1,flat_4B,457.410416652,208.396666668,222.410416652,98.396666668,9.472575757636363
Flat,2022,2022-09-17,2022-08-26,2,flat_4B,457.410416652,208.396666668,222.410416652,98.396666668,9.472575757636363
Flat,2022,2022-09-17,2022-08-26,3,flat_4B,457.410416652,208.396666668,222.410416652,98.396666668,9.472575757636363
Flat,2022,2022-09-17,2022-08-26,4,flat_4B,457.410416652,208.396666668,222.410416652,98.396666668,9.472575757636363
Flat,2022,2022-10-03,2022-09-17,1,flat_4B,600.678749984,143.268333332,285.678749984,63.268333332,8.95427083325
Flat,2022,2022-10-03,2022-09-17,2,flat_4B,600.678749984,143.268333332,285.678749984,63.268333332,8.95427083325
Flat,2022,2022-10-03,2022-09-17,3,flat_4B,600.678749984,143.268333332,285.678749984,63.268333332,8.95427083325
Flat,2022,2022-10-03,2022-09-17,4,flat_4B,600.678749984,143.268333332,285.678749984,63.268333332,8.95427083325
Flat,2022,2022-10-31,2022-10-03,1,flat_4B,818.697249984,218.0185,363.697249984,78.01849999999999,7.786375
Flat,2022,2022-10-31,2022-10-03,2,flat_4B,818.697249984,218.0185,363.697249984,78.01849999999999,7.786375
Flat,2022,2022-10-31,2022-10-03,3,flat_4B,818.697249984,218.0185,363.697249984,78.01849999999999,7.786375
Flat,2022,2022-10-31,2022-10-03,4,flat_4B,818.697249984,218.0185,363.697249984,78.01849999999999,7.786375
Fish,2022,2022-08-02,2022-08-01,1,fish_downstream,12.60020833,12.60020833,7.600208329999999,7.600208329999999,12.60020833
Fish,2022,2022-08-02,2022-08-01,2,fish_downstream,12.60020833,12.60020833,7.600208329999999,7.600208329999999,12.60020833
Fish,2022,2022-08-02,2022-08-01,3,fish_downstream,12.60020833,12.60020833,7.600208329999999,7.600208329999999,12.60020833
Fish,2022,2022-08-02,2022-08-01,4,fish_downstream,12.60020833,12.60020833,7.600208329999999,7.600208329999999,12.60020833
Fish,2022,2022-08-26,2022-08-02,1,fish_downstream,333.41254169,320.81233336,208.41254169,200.81233336,13.367180556666666
Fish,2022,2022-08-26,2022-08-02,2,fish_downstream,333.41254169,320.81233336,208.41254169,200.81233336,13.367180556666666
Fish,2022,2022-08-26,2022-08-02,3,fish_downstream,333.41254169,320.81233336,208.41254169,200.81233336,13.367180556666666
Fish,2022,2022-08-26,2022-08-02,4,fish_downstream,333.41254169,320.81233336,208.41254169,200.81233336,13.367180556666666
Fish,2022,2022-09-11,2022-08-26,1,fish_downstream,553.34370835,219.93116666,348.34370835,139.93116666,13.74569791625
Fish,2022,2022-09-11,2022-08-26,2,fish_downstream,553.34370835,219.93116666,348.34370835,139.93116666,13.74569791625
Fish,2022,2022-09-11,2022-08-26,3,fish_downstream,553.34370835,219.93116666,348.34370835,139.93116666,13.74569791625
Fish,2022,2022-09-11,2022-08-26,4,fish_downstream,553.34370835,219.93116666,348.34370835,139.93116666,13.74569791625
Fish,2022,2022-10-03,2022-09-11,1,fish_downstream,829.68433334,276.34062499,514.68433334,166.34062499,12.560937499545455
Fish,2022,2022-10-03,2022-09-11,2,fish_downstream,829.68433334,276.34062499,514.68433334,166.34062499,12.560937499545455
Fish,2022,2022-10-03,2022-09-11,3,fish_downstream,829.68433334,276.34062499,514.68433334,166.34062499,12.560937499545455
Fish,2022,2022-10-03,2022-09-11,4,fish_downstream,829.68433334,276.34062499,514.68433334,166.34062499,12.560937499545455
Fish,2022,2022-10-31,2022-10-03,1,fish_downstream,1113.709130963,284.024797623,658.709130963,144.02479762299998,10.14374277225
Fish,2022,2022-10-31,2022-10-03,2,fish_downstream,1113.709130963,284.024797623,658.709130963,144.02479762299998,10.14374277225
Fish,2022,2022-10-31,2022-10-03,3,fish_downstream,1113.709130963,284.024797623,658.709130963,144.02479762299998,10.14374277225
Fish,2022,2022-10-31,2022-10-03,4,fish_downstream,1113.709130963,284.024797623,658.709130963,144.02479762299998,10.14374277225
Fall,2022,2022-08-02,2022-08-01,1,fall_4B,14.43245833,14.43245833,9.43245833,9.43245833,14.43245833
Fall,2022,2022-08-02,2022-08-01,2,fall_4B,14.43245833,14.43245833,9.43245833,9.43245833,14.43245833
Fall,2022,2022-08-02,2022-08-01,3,fall_4B,14.43245833,14.43245833,9.43245833,9.43245833,14.43245833
Fall,2022,2022-08-02,2022-08-01,4,fall_4B,14.43245833,14.43245833,9.43245833,9.43245833,14.43245833
Fall,2022,2022-08-23,2022-08-02,1,fall_4B,313.56066668,299.12820835,203.56066668,194.12820835,14.244200397619048
Fall,2022,2022-08-23,2022-08-02,2,fall_4B,313.56066668,299.12820835,203.56066668,194.12820835,14.244200397619048
Fall,2022,2022-08-23,2022-08-02,3,fall_4B,313.56066668,299.12820835,203.56066668,194.12820835,14.244200397619048
Fall,2022,2022-08-23,2022-08-02,4,fall_4B,313.56066668,299.12820835,203.56066668,194.12820835,14.244200397619048
Fall,2022,2022-09-10,2022-08-23,1,fall_4B,552.89745835,239.33679167,352.89745834999997,149.33679167,13.296488426111111
Fall,2022,2022-09-10,2022-08-23,2,fall_4B,552.89745835,239.33679167,352.89745834999997,149.33679167,13.296488426111111
Fall,2022,2022-09-10,2022-08-23,3,fall_4B,552.89745835,239.33679167,352.89745834999997,149.33679167,13.296488426111111
Fall,2022,2022-09-10,2022-08-23,4,fall_4B,552.89745835,239.33679167,352.89745834999997,149.33679167,13.296488426111111
Fall,2022,2022-10-01,2022-09-10,1,fall_4B,762.0364583429999,209.138999993,457.036458343,104.138999993,9.958999999666666
Fall,2022,2022-10-01,2022-09-10,2,fall_4B,762.0364583429999,209.138999993,457.036458343,104.138999993,9.958999999666666
Fall,2022,2022-10-01,2022-09-10,3,fall_4B,762.0364583429999,209.138999993,457.036458343,104.138999993,9.958999999666666
Fall,2022,2022-10-01,2022-09-10,4,fall_4B,762.0364583429999,209.138999993,457.036458343,104.138999993,9.958999999666666
Fall,2022,2022-10-27,2022-10-01,1,fall_4B,909.015649519,146.979191176,488.891541676,31.855083333,5.653045814461539
Fall,2022,2022-10-27,2022-10-01,2,fall_4B,909.015649519,146.979191176,488.891541676,31.855083333,5.653045814461539
Fall,2022,2022-10-27,2022-10-01,3,fall_4B,909.015649519,146.979191176,488.891541676,31.855083333,5.653045814461539
Fall,2022,2022-10-27,2022-10-01,4,fall_4B,909.015649519,146.979191176,488.891541676,31.855083333,5.653045814461539
Crystal,2022,2022-08-08,2022-08-01,1,crystal_1A,75.783749993,75.783749993,40.783749993,40.783749993,10.826249999
Crystal,2022,2022-08-08,2022-08-01,2,crystal_1A,75.783749993,75.783749993,40.783749993,40.783749993,10.826249999
Crystal,2022,2022-08-08,2022-08-01,3,crystal_1A,75.783749993,75.783749993,40.783749993,40.783749993,10.826249999
Crystal,2022,2022-08-08,2022-08-01,4,crystal_1A,75.783749993,75.783749993,40.783749993,40.783749993,10.826249999
Crystal,2022,2022-08-29,2022-08-08,1,crystal_1A,312.444166643,236.66041665,172.444166643,131.66041665,11.26954365
Crystal,2022,2022-08-29,2022-08-08,2,crystal_1A,312.444166643,236.66041665,172.444166643,131.66041665,11.26954365
Crystal,2022,2022-08-29,2022-08-08,3,crystal_1A,312.444166643,236.66041665,172.444166643,131.66041665,11.26954365
Crystal,2022,2022-08-29,2022-08-08,4,crystal_1A,312.444166643,236.66041665,172.444166643,131.66041665,11.26954365
Crystal,2022,2022-09-11,2022-08-29,1,crystal_1A,446.128333296,133.684166653,241.128333296,68.684166653,10.283397434846155
Crystal,2022,2022-09-11,2022-08-29,2,crystal_1A,446.128333296,133.684166653,241.128333296,68.684166653,10.283397434846155
Crystal,2022,2022-09-11,2022-08-29,3,crystal_1A,446.128333296,133.684166653,241.128333296,68.684166653,10.283397434846155
Crystal,2022,2022-09-11,2022-08-29,4,crystal_1A,446.128333296,133.684166653,241.128333296,68.684166653,10.283397434846155
Crystal,2022,2022-10-02,2022-09-11,1,crystal_1A,616.832916631,170.704583335,306.832916631,65.704583335,8.128789682619047
Crystal,2022,2022-10-02,2022-09-11,2,crystal_1A,616.832916631,170.704583335,306.832916631,65.704583335,8.128789682619047
Crystal,2022,2022-10-02,2022-09-11,3,crystal_1A,616.832916631,170.704583335,306.832916631,65.704583335,8.128789682619047
Crystal,2022,2022-10-02,2022-09-11,4,crystal_1A,616.832916631,170.704583335,306.832916631,65.704583335,8.128789682619047
Crystal,2022,2022-10-29,2022-10-02,1,crystal_1A,761.516538424,144.683621793,330.689166629,23.856249998,5.358652659
Crystal,2022,2022-10-29,2022-10-02,2,crystal_1A,761.516538424,144.683621793,330.689166629,23.856249998,5.358652659
Crystal,2022,2022-10-29,2022-10-02,3,crystal_1A,761.516538424,144.683621793,330.689166629,23.856249998,5.358652659
Crystal,2022,2022-10-29,2022-10-02,4,crystal_1A,761.516538424,144.683621793,330.689166629,23.856249998,5.358652659
Spread,2022,2022-08-09,2022-08-01,1,spread_1A,96.86041667,96.86041667,56.86041667,56.86041667,12.10755208375
Spread,2022,2022-08-09,2022-08-01,2,spread_1A,96.86041667,96.86041667,56.86041667,56.86041667,12.10755208375
Spread,2022,2022-08-09,2022-08-01,3,spread_1A,96.86041667,96.86041667,56.86041667,56.86041667,12.10755208375
Spread,2022,2022-08-09,2022-08-01,4,spread_1A,96.86041667,96.86041667,56.86041667,56.86041667,12.10755208375
Spread,2022,2022-08-28,2022-08-09,1,spread_1A,340.15624999,243.29583332,205.15624999,148.29583332,12.805043858947368
Spread,2022,2022-08-28,2022-08-09,2,spread_1A,340.15624999,243.29583332,205.15624999,148.29583332,12.805043858947368
Spread,2022,2022-08-28,2022-08-09,3,spread_1A,340.15624999,243.29583332,205.15624999,148.29583332,12.805043858947368
Spread,2022,2022-08-28,2022-08-09,4,spread_1A,340.15624999,243.29583332,205.15624999,148.29583332,12.805043858947368
Spread,2022,2022-09-12,2022-08-28,1,spread_1A,511.25999999,171.10375,301.25999999,96.10375,11.406916666666667
Spread,2022,2022-09-12,2022-08-28,2,spread_1A,511.25999999,171.10375,301.25999999,96.10375,11.406916666666667
Spread,2022,2022-09-12,2022-08-28,3,spread_1A,511.25999999,171.10375,301.25999999,96.10375,11.406916666666667
Spread,2022,2022-09-12,2022-08-28,4,spread_1A,511.25999999,171.10375,301.25999999,96.10375,11.406916666666667
Spread,2022,2022-10-12,2022-09-12,1,spread_1A,743.969999992,232.71000000200002,383.995416659,82.735416669,7.757000000066666
Spread,2022,2022-10-12,2022-09-12,2,spread_1A,743.969999992,232.71000000200002,383.995416659,82.735416669,7.757000000066666
Spread,2022,2022-10-12,2022-09-12,3,spread_1A,743.969999992,232.71000000200002,383.995416659,82.735416669,7.757000000066666
Spread,2022,2022-10-12,2022-09-12,4,spread_1A,743.969999992,232.71000000200002,383.995416659,82.735416669,7.757000000066666
Spread,2022,2022-10-26,2022-10-12,1,spread_1A,795.1007738010001,51.130773809,383.995416659,0,3.6521981292142858
Spread,2022,2022-10-26,2022-10-12,2,spread_1A,795.1007738010001,51.130773809,383.995416659,0,3.6521981292142858
Spread,2022,2022-10-26,2022-10-12,3,spread_1A,795.1007738010001,51.130773809,383.995416659,0,3.6521981292142858
Spread,2022,2022-10-26,2022-10-12,4,spread_1A,795.1007738010001,51.130773809,383.995416659,0,3.6521981292142858
Blackrock,2022,2022-08-09,2022-08-01,1,blackrock_1A,123.39833333,123.39833333,83.39833333,83.39833333,15.42479166625
Blackrock,2022,2022-08-09,2022-08-01,2,blackrock_1A,123.39833333,123.39833333,83.39833333,83.39833333,15.42479166625
Blackrock,2022,2022-08-09,2022-08-01,3,blackrock_1A,123.39833333,123.39833333,83.39833333,83.39833333,15.42479166625
Blackrock,2022,2022-08-09,2022-08-01,4,blackrock_1A,123.39833333,123.39833333,83.39833333,83.39833333,15.42479166625
Blackrock,2022,2022-08-28,2022-08-09,1,blackrock_1A,430.30750001,306.90916668,295.30750001,211.90916668,16.153114035789475
Blackrock,2022,2022-08-28,2022-08-09,2,blackrock_1A,430.30750001,306.90916668,295.30750001,211.90916668,16.153114035789475
Blackrock,2022,2022-08-28,2022-08-09,3,blackrock_1A,430.30750001,306.90916668,295.30750001,211.90916668,16.153114035789475
Blackrock,2022,2022-08-28,2022-08-09,4,blackrock_1A,430.30750001,306.90916668,295.30750001,211.90916668,16.153114035789475
Blackrock,2022,2022-09-12,2022-08-28,1,blackrock_1A,633.44250001,203.135,423.44250001,128.135,13.542333333333334
Blackrock,2022,2022-09-12,2022-08-28,2,blackrock_1A,633.44250001,203.135,423.44250001,128.135,13.542333333333334
Blackrock,2022,2022-09-12,2022-08-28,3,blackrock_1A,633.44250001,203.135,423.44250001,128.135,13.542333333333334
Blackrock,2022,2022-09-12,2022-08-28,4,blackrock_1A,633.44250001,203.135,423.44250001,128.135,13.542333333333334
Blackrock,2022,2022-10-12,2022-09-12,1,blackrock_1A,880.298750005,246.856249995,521.083750005,97.641249995,8.2285416665
Blackrock,2022,2022-10-12,2022-09-12,2,blackrock_1A,880.298750005,246.856249995,521.083750005,97.641249995,8.2285416665
Blackrock,2022,2022-10-12,2022-09-12,3,blackrock_1A,880.298750005,246.856249995,521.083750005,97.641249995,8.2285416665
Blackrock,2022,2022-10-12,2022-09-12,4,blackrock_1A,880.298750005,246.856249995,521.083750005,97.641249995,8.2285416665
Blackrock,2022,2022-10-26,2022-10-12,1,blackrock_1A,920.61258334,40.313833335,521.083750005,0,2.8795595239285716
Blackrock,2022,2022-10-26,2022-10-12,2,blackrock_1A,920.61258334,40.313833335,521.083750005,0,2.8795595239285716
Blackrock,2022,2022-10-26,2022-10-12,3,blackrock_1A,920.61258334,40.313833335,521.083750005,0,2.8795595239285716
Blackrock,2022,2022-10-26,2022-10-12,4,blackrock_1A,920.61258334,40.313833335,521.083750005,0,2.8795595239285716
Cliff,2022,2022-08-14,2022-08-01,1,cliff_1A,168.33708332999998,168.33708332999998,103.33708333,103.33708333,12.949006409999999
Cliff,2022,2022-08-14,2022-08-01,2,cliff_1A,168.33708332999998,168.33708332999998,103.33708333,103.33708333,12.949006409999999
Cliff,2022,2022-08-14,2022-08-01,3,cliff_1A,168.33708332999998,168.33708332999998,103.33708333,103.33708333,12.949006409999999
Cliff,2022,2022-08-14,2022-08-01,4,cliff_1A,168.33708332999998,168.33708332999998,103.33708333,103.33708333,12.949006409999999
Cliff,2022,2022-08-30,2022-08-14,1,cliff_1A,366.38791665,198.05083332,221.38791665,118.05083332,12.3781770825
Cliff,2022,2022-08-30,2022-08-14,2,cliff_1A,366.38791665,198.05083332,221.38791665,118.05083332,12.3781770825
Cliff,2022,2022-08-30,2022-08-14,3,cliff_1A,366.38791665,198.05083332,221.38791665,118.05083332,12.3781770825
Cliff,2022,2022-08-30,2022-08-14,4,cliff_1A,366.38791665,198.05083332,221.38791665,118.05083332,12.3781770825
Cliff,2022,2022-09-13,2022-08-30,1,cliff_1A,517.155416653,150.767500003,302.155416653,80.767500003,10.769107143071428
Cliff,2022,2022-09-13,2022-08-30,2,cliff_1A,517.155416653,150.767500003,302.155416653,80.767500003,10.769107143071428
Cliff,2022,2022-09-13,2022-08-30,3,cliff_1A,517.155416653,150.767500003,302.155416653,80.767500003,10.769107143071428
Cliff,2022,2022-09-13,2022-08-30,4,cliff_1A,517.155416653,150.767500003,302.155416653,80.767500003,10.769107143071428
Cliff,2022,2022-10-11,2022-09-13,1,cliff_1A,743.708749986,226.553333333,388.708749986,86.553333333,8.091190476178571
Cliff,2022,2022-10-11,2022-09-13,2,cliff_1A,743.708749986,226.553333333,388.708749986,86.553333333,8.091190476178571
Cliff,2022,2022-10-11,2022-09-13,3,cliff_1A,743.708749986,226.553333333,388.708749986,86.553333333,8.091190476178571
Cliff,2022,2022-10-11,2022-09-13,4,cliff_1A,743.708749986,226.553333333,388.708749986,86.553333333,8.091190476178571
Cliff,2022,2022-11-02,2022-10-11,1,cliff_1A,814.130833318,70.422083332,393.09833332,4.389583334000001,3.706425438526316
Cliff,2022,2022-11-02,2022-10-11,2,cliff_1A,814.130833318,70.422083332,393.09833332,4.389583334000001,3.706425438526316
Cliff,2022,2022-11-02,2022-10-11,3,cliff_1A,814.130833318,70.422083332,393.09833332,4.389583334000001,3.706425438526316
Cliff,2022,2022-11-02,2022-10-11,4,cliff_1A,814.130833318,70.422083332,393.09833332,4.389583334000001,3.706425438526316
Willow,2022,2022-08-14,2022-08-01,1,willow_4B,175.81625,175.81625,110.81625,110.81625,13.524326923076924
Willow,2022,2022-08-14,2022-08-01,2,willow_4B,175.81625,175.81625,110.81625,110.81625,13.524326923076924
Willow,2022,2022-08-14,2022-08-01,3,willow_4B,175.81625,175.81625,110.81625,110.81625,13.524326923076924
Willow,2022,2022-08-14,2022-08-01,4,willow_4B,175.81625,175.81625,110.81625,110.81625,13.524326923076924
Willow,2022,2022-08-30,2022-08-14,1,willow_4B,385.30416666,209.48791666,240.30416666,129.48791666,13.09299479125
Willow,2022,2022-08-30,2022-08-14,2,willow_4B,385.30416666,209.48791666,240.30416666,129.48791666,13.09299479125
Willow,2022,2022-08-30,2022-08-14,3,willow_4B,385.30416666,209.48791666,240.30416666,129.48791666,13.09299479125
Willow,2022,2022-08-30,2022-08-14,4,willow_4B,385.30416666,209.48791666,240.30416666,129.48791666,13.09299479125
Willow,2022,2022-09-13,2022-08-30,1,willow_4B,543.034999996,157.730833336,328.034999996,87.730833336,11.26648809542857
Willow,2022,2022-09-13,2022-08-30,2,willow_4B,543.034999996,157.730833336,328.034999996,87.730833336,11.26648809542857
Willow,2022,2022-09-13,2022-08-30,3,willow_4B,543.034999996,157.730833336,328.034999996,87.730833336,11.26648809542857
Willow,2022,2022-09-13,2022-08-30,4,willow_4B,543.034999996,157.730833336,328.034999996,87.730833336,11.26648809542857
Willow,2022,2022-10-11,2022-09-13,1,willow_4B,779.905416661,236.870416665,424.905416661,96.870416665,8.459657738035714
Willow,2022,2022-10-11,2022-09-13,2,willow_4B,779.905416661,236.870416665,424.905416661,96.870416665,8.459657738035714
Willow,2022,2022-10-11,2022-09-13,3,willow_4B,779.905416661,236.870416665,424.905416661,96.870416665,8.459657738035714
Willow,2022,2022-10-11,2022-09-13,4,willow_4B,779.905416661,236.870416665,424.905416661,96.870416665,8.459657738035714
Willow,2022,2022-10-30,2022-10-11,1,willow_4B,859.957234844,80.051818183,429.851666662,4.946250001000001,4.213253588578947
Willow,2022,2022-10-30,2022-10-11,2,willow_4B,859.957234844,80.051818183,429.851666662,4.946250001000001,4.213253588578947
Willow,2022,2022-10-30,2022-10-11,3,willow_4B,859.957234844,80.051818183,429.851666662,4.946250001000001,4.213253588578947
Willow,2022,2022-10-30,2022-10-11,4,willow_4B,859.957234844,80.051818183,429.851666662,4.946250001000001,4.213253588578947
Mosquito,2022,2022-08-02,2022-08-01,1,mosquito_1A,16.11704167,16.11704167,11.117041669999999,11.117041669999999,16.11704167
Mosquito,2022,2022-08-02,2022-08-01,2,mosquito_1A,16.11704167,16.11704167,11.117041669999999,11.117041669999999,16.11704167
Mosquito,2022,2022-08-02,2022-08-01,3,mosquito_1A,16.11704167,16.11704167,11.117041669999999,11.117041669999999,16.11704167
Mosquito,2022,2022-08-02,2022-08-01,4,mosquito_1A,16.11704167,16.11704167,11.117041669999999,11.117041669999999,16.11704167
Mosquito,2022,2022-08-23,2022-08-02,1,mosquito_1A,338.88475,322.76770833,228.88475,217.76770833,15.369890872857143
Mosquito,2022,2022-08-23,2022-08-02,2,mosquito_1A,338.88475,322.76770833,228.88475,217.76770833,15.369890872857143
Mosquito,2022,2022-08-23,2022-08-02,3,mosquito_1A,338.88475,322.76770833,228.88475,217.76770833,15.369890872857143
Mosquito,2022,2022-08-23,2022-08-02,4,mosquito_1A,338.88475,322.76770833,228.88475,217.76770833,15.369890872857143
Mosquito,2022,2022-09-10,2022-08-23,1,mosquito_1A,583.02483333,244.14008332999998,383.02483333,154.14008332999998,13.563337962777778
Mosquito,2022,2022-09-10,2022-08-23,2,mosquito_1A,583.02483333,244.14008332999998,383.02483333,154.14008332999998,13.563337962777778
Mosquito,2022,2022-09-10,2022-08-23,3,mosquito_1A,583.02483333,244.14008332999998,383.02483333,154.14008332999998,13.563337962777778
Mosquito,2022,2022-09-10,2022-08-23,4,mosquito_1A,583.02483333,244.14008332999998,383.02483333,154.14008332999998,13.563337962777778
Mosquito,2022,2022-10-01,2022-09-10,1,mosquito_1A,782.789333329,199.764499999,477.789333329,94.76449999900001,9.51259523804762
Mosquito,2022,2022-10-01,2022-09-10,2,mosquito_1A,782.789333329,199.764499999,477.789333329,94.76449999900001,9.51259523804762
Mosquito,2022,2022-10-01,2022-09-10,3,mosquito_1A,782.789333329,199.764499999,477.789333329,94.76449999900001,9.51259523804762
Mosquito,2022,2022-10-01,2022-09-10,4,mosquito_1A,782.789333329,199.764499999,477.789333329,94.76449999900001,9.51259523804762
Mosquito,2022,2022-10-27,2022-10-01,1,mosquito_1A,898.84333333,116.054000001,493.153083329,15.36375,4.463615384653846
Mosquito,2022,2022-10-27,2022-10-01,2,mosquito_1A,898.84333333,116.054000001,493.153083329,15.36375,4.463615384653846
Mosquito,2022,2022-10-27,2022-10-01,3,mosquito_1A,898.84333333,116.054000001,493.153083329,15.36375,4.463615384653846
Mosquito,2022,2022-10-27,2022-10-01,4,mosquito_1A,898.84333333,116.054000001,493.153083329,15.36375,4.463615384653846
